{
  "best_epoch": 19,
  "num_params": 349185,
  "valid": {
    "MAE": 2.2690184116363525,
    "MAPE": 0.026041345670819283,
    "RMSE": 8.827035903930664
  },
  "test": {
    "MAE": 2.2829856872558594,
    "MAPE": 0.029180210083723068,
    "RMSE": 10.63128662109375
  },
  "per_horizon": {
    "step_6": {
      "MAE": 2.0877442359924316,
      "MAPE": 0.026344435289502144,
      "RMSE": 7.885461330413818,
      "MAE_avg": 1.8460336923599243,
      "MAPE_avg": 0.023911558091640472,
      "RMSE_avg": 6.426843643188477
    },
    "step_9": {
      "MAE": 2.245927095413208,
      "MAPE": 0.0283974539488554,
      "RMSE": 9.467512130737305,
      "MAE_avg": 1.9626376628875732,
      "MAPE_avg": 0.025181330740451813,
      "RMSE_avg": 7.4257121086120605
    },
    "step_12": {
      "MAE": 2.3116188049316406,
      "MAPE": 0.029429325833916664,
      "RMSE": 10.440929412841797,
      "MAE_avg": 2.044343948364258,
      "MAPE_avg": 0.026167504489421844,
      "RMSE_avg": 8.185266494750977
    },
    "step_24": {
      "MAE": 2.655025005340576,
      "MAPE": 0.03389434888958931,
      "RMSE": 14.29995059967041,
      "MAE_avg": 2.2829856872558594,
      "MAPE_avg": 0.029180210083723068,
      "RMSE_avg": 10.63128662109375
    }
  }
}