{
  "best_epoch": 13,
  "num_params": 336449,
  "valid": {
    "MAE": 2.247378349304199,
    "MAPE": 0.02614944614470005,
    "RMSE": 8.615856170654297
  },
  "test": {
    "MAE": 2.2638723850250244,
    "MAPE": 0.029427269473671913,
    "RMSE": 10.74233627319336
  },
  "per_horizon": {
    "step_6": {
      "MAE": 2.0405969619750977,
      "MAPE": 0.026202019304037094,
      "RMSE": 7.639397144317627,
      "MAE_avg": 1.8090780973434448,
      "MAPE_avg": 0.0238046832382679,
      "RMSE_avg": 6.291861057281494
    },
    "step_9": {
      "MAE": 2.1832289695739746,
      "MAPE": 0.02819243259727955,
      "RMSE": 9.514803886413574,
      "MAE_avg": 1.9207255840301514,
      "MAPE_avg": 0.025081897154450417,
      "RMSE_avg": 7.342589378356934
    },
    "step_12": {
      "MAE": 2.2795968055725098,
      "MAPE": 0.02948511764407158,
      "RMSE": 10.493818283081055,
      "MAE_avg": 2.0036368370056152,
      "MAPE_avg": 0.02609379217028618,
      "RMSE_avg": 8.149002075195312
    },
    "step_24": {
      "MAE": 2.7186501026153564,
      "MAPE": 0.03527386114001274,
      "RMSE": 14.529107093811035,
      "MAE_avg": 2.2638723850250244,
      "MAPE_avg": 0.029427269473671913,
      "RMSE_avg": 10.74233627319336
    }
  }
}