{
  "best_epoch": 25,
  "num_params": 350010,
  "valid": {
    "MAE": 2.254769802093506,
    "MAPE": 0.025804618373513222,
    "RMSE": 8.964615821838379
  },
  "test": {
    "MAE": 2.2892723083496094,
    "MAPE": 0.029555270448327065,
    "RMSE": 10.581923484802246
  },
  "per_horizon": {
    "step_6": {
      "MAE": 2.067272901535034,
      "MAPE": 0.026419738307595253,
      "RMSE": 7.7619123458862305,
      "MAE_avg": 1.826387643814087,
      "MAPE_avg": 0.023749517276883125,
      "RMSE_avg": 6.311222553253174
    },
    "step_9": {
      "MAE": 2.2109341621398926,
      "MAPE": 0.02842118963599205,
      "RMSE": 9.413475036621094,
      "MAE_avg": 1.9399669170379639,
      "MAPE_avg": 0.025102712213993073,
      "RMSE_avg": 7.332120895385742
    },
    "step_12": {
      "MAE": 2.316042184829712,
      "MAPE": 0.02983223833143711,
      "RMSE": 10.449960708618164,
      "MAE_avg": 2.0266079902648926,
      "MAPE_avg": 0.026180967688560486,
      "RMSE_avg": 8.11389446258545
    },
    "step_24": {
      "MAE": 2.7143759727478027,
      "MAPE": 0.035171229392290115,
      "RMSE": 14.112027168273926,
      "MAE_avg": 2.2892723083496094,
      "MAPE_avg": 0.029555270448327065,
      "RMSE_avg": 10.581923484802246
    }
  }
}