{
  "best_epoch": 19,
  "num_params": 355649,
  "valid": {
    "MAE": 2.271804094314575,
    "MAPE": 0.026073986664414406,
    "RMSE": 8.810550689697266
  },
  "test": {
    "MAE": 2.2710158824920654,
    "MAPE": 0.029211856424808502,
    "RMSE": 10.502035140991211
  },
  "per_horizon": {
    "step_6": {
      "MAE": 2.0732131004333496,
      "MAPE": 0.026383521035313606,
      "RMSE": 7.765369415283203,
      "MAE_avg": 1.8393186330795288,
      "MAPE_avg": 0.02392302080988884,
      "RMSE_avg": 6.366908073425293
    },
    "step_9": {
      "MAE": 2.2173547744750977,
      "MAPE": 0.028274981305003166,
      "RMSE": 9.367147445678711,
      "MAE_avg": 1.9504576921463013,
      "MAPE_avg": 0.025164702907204628,
      "RMSE_avg": 7.343836784362793
    },
    "step_12": {
      "MAE": 2.309704065322876,
      "MAPE": 0.029676180332899094,
      "RMSE": 10.340359687805176,
      "MAE_avg": 2.033694267272949,
      "MAPE_avg": 0.026194632053375244,
      "RMSE_avg": 8.094758033752441
    },
    "step_24": {
      "MAE": 2.6479313373565674,
      "MAPE": 0.034025102853775024,
      "RMSE": 14.005313873291016,
      "MAE_avg": 2.2710158824920654,
      "MAPE_avg": 0.029211856424808502,
      "RMSE_avg": 10.502035140991211
    }
  }
}