{
  "best_epoch": 16,
  "num_params": 256453,
  "valid": {
    "MAE": 2.2568295001983643,
    "MAPE": 0.02591164968907833,
    "RMSE": 8.83955192565918
  },
  "test": {
    "MAE": 2.3025450706481934,
    "MAPE": 0.02963082678616047,
    "RMSE": 10.829180717468262
  },
  "per_horizon": {
    "step_6": {
      "MAE": 2.071199417114258,
      "MAPE": 0.026568323373794556,
      "RMSE": 7.794122219085693,
      "MAE_avg": 1.838712453842163,
      "MAPE_avg": 0.02405092865228653,
      "RMSE_avg": 6.392528533935547
    },
    "step_9": {
      "MAE": 2.2321176528930664,
      "MAPE": 0.028567656874656677,
      "RMSE": 9.491575241088867,
      "MAE_avg": 1.9531418085098267,
      "MAPE_avg": 0.025342663750052452,
      "RMSE_avg": 7.402858257293701
    },
    "step_12": {
      "MAE": 2.3535501956939697,
      "MAPE": 0.030164681375026703,
      "RMSE": 10.711446762084961,
      "MAE_avg": 2.0446579456329346,
      "MAPE_avg": 0.02643207646906376,
      "RMSE_avg": 8.225945472717285
    },
    "step_24": {
      "MAE": 2.6925389766693115,
      "MAPE": 0.03443855419754982,
      "RMSE": 14.567863464355469,
      "MAE_avg": 2.3025450706481934,
      "MAPE_avg": 0.02963082678616047,
      "RMSE_avg": 10.829180717468262
    }
  }
}