{
  "best_epoch": 19,
  "num_params": 349185,
  "valid": {
    "MAE": 2.269075870513916,
    "MAPE": 0.026069968938827515,
    "RMSE": 8.828311920166016
  },
  "test": {
    "MAE": 2.2793595790863037,
    "MAPE": 0.029172977432608604,
    "RMSE": 10.648420333862305
  },
  "per_horizon": {
    "step_6": {
      "MAE": 2.084031343460083,
      "MAPE": 0.026281822472810745,
      "RMSE": 7.869776248931885,
      "MAE_avg": 1.843994379043579,
      "MAPE_avg": 0.023853154852986336,
      "RMSE_avg": 6.422277450561523
    },
    "step_9": {
      "MAE": 2.2444610595703125,
      "MAPE": 0.028415722772479057,
      "RMSE": 9.472716331481934,
      "MAE_avg": 1.9609794616699219,
      "MAPE_avg": 0.025150272995233536,
      "RMSE_avg": 7.423581600189209
    },
    "step_12": {
      "MAE": 2.30641770362854,
      "MAPE": 0.0294252447783947,
      "RMSE": 10.454363822937012,
      "MAE_avg": 2.041863441467285,
      "MAPE_avg": 0.026142392307519913,
      "RMSE_avg": 8.186549186706543
    },
    "step_24": {
      "MAE": 2.651372194290161,
      "MAPE": 0.03391958773136139,
      "RMSE": 14.319540023803711,
      "MAE_avg": 2.2793595790863037,
      "MAPE_avg": 0.029172977432608604,
      "RMSE_avg": 10.648420333862305
    }
  }
}