{
  "best_epoch": 9,
  "num_params": 349345,
  "valid": {
    "MAE": 2.258284568786621,
    "MAPE": 0.026011113077402115,
    "RMSE": 8.851252555847168
  },
  "test": {
    "MAE": 2.310650110244751,
    "MAPE": 0.03013341873884201,
    "RMSE": 10.720512390136719
  },
  "per_horizon": {
    "step_6": {
      "MAE": 2.0735344886779785,
      "MAPE": 0.02681467868387699,
      "RMSE": 7.6814284324646,
      "MAE_avg": 1.8275827169418335,
      "MAPE_avg": 0.02400539442896843,
      "RMSE_avg": 6.332730770111084
    },
    "step_9": {
      "MAE": 2.2427139282226562,
      "MAPE": 0.02905160002410412,
      "RMSE": 9.35754680633545,
      "MAE_avg": 1.949137568473816,
      "MAPE_avg": 0.025443250313401222,
      "RMSE_avg": 7.305480003356934
    },
    "step_12": {
      "MAE": 2.3532516956329346,
      "MAPE": 0.0305388905107975,
      "RMSE": 10.404767990112305,
      "MAE_avg": 2.0410420894622803,
      "MAPE_avg": 0.02660071663558483,
      "RMSE_avg": 8.092118263244629
    },
    "step_24": {
      "MAE": 2.738352060317993,
      "MAPE": 0.0356987901031971,
      "RMSE": 14.558749198913574,
      "MAE_avg": 2.310650110244751,
      "MAPE_avg": 0.03013341873884201,
      "RMSE_avg": 10.720512390136719
    }
  }
}