{
  "best_epoch": 6,
  "num_params": 343679,
  "valid": {
    "MAE": 2.2958123683929443,
    "MAPE": 0.02614615112543106,
    "RMSE": 9.771112442016602
  },
  "test": {
    "MAE": 2.408348321914673,
    "MAPE": 0.03152065724134445,
    "RMSE": 11.454472541809082
  },
  "per_horizon": {
    "step_6": {
      "MAE": 2.214409589767456,
      "MAPE": 0.029026368632912636,
      "RMSE": 8.604172706604004,
      "MAE_avg": 2.088724374771118,
      "MAPE_avg": 0.027411172166466713,
      "RMSE_avg": 7.731115818023682
    },
    "step_9": {
      "MAE": 2.325894355773926,
      "MAPE": 0.030398065224289894,
      "RMSE": 10.011734962463379,
      "MAE_avg": 2.155393600463867,
      "MAPE_avg": 0.02824139967560768,
      "RMSE_avg": 8.415616989135742
    },
    "step_12": {
      "MAE": 2.405076742172241,
      "MAPE": 0.03148594871163368,
      "RMSE": 11.037063598632812,
      "MAE_avg": 2.2125706672668457,
      "MAPE_avg": 0.02897639572620392,
      "RMSE_avg": 9.048988342285156
    },
    "step_24": {
      "MAE": 2.7598702907562256,
      "MAPE": 0.03590088710188866,
      "RMSE": 15.31539535522461,
      "MAE_avg": 2.408348321914673,
      "MAPE_avg": 0.03152065724134445,
      "RMSE_avg": 11.454472541809082
    }
  }
}