{
  "best_epoch": 32,
  "num_params": 350010,
  "valid": {
    "MAE": 2.2622761726379395,
    "MAPE": 0.02597939595580101,
    "RMSE": 8.891459465026855
  },
  "test": {
    "MAE": 2.2757408618927,
    "MAPE": 0.029525887221097946,
    "RMSE": 10.461750030517578
  },
  "per_horizon": {
    "step_6": {
      "MAE": 2.03075909614563,
      "MAPE": 0.02615353837609291,
      "RMSE": 7.514455795288086,
      "MAE_avg": 1.8081886768341064,
      "MAPE_avg": 0.02365426905453205,
      "RMSE_avg": 6.159826278686523
    },
    "step_9": {
      "MAE": 2.2035515308380127,
      "MAPE": 0.02830103039741516,
      "RMSE": 9.275065422058105,
      "MAE_avg": 1.9209831953048706,
      "MAPE_avg": 0.02495531737804413,
      "RMSE_avg": 7.173924446105957
    },
    "step_12": {
      "MAE": 2.309577703475952,
      "MAPE": 0.029828382655978203,
      "RMSE": 10.353108406066895,
      "MAE_avg": 2.0106277465820312,
      "MAPE_avg": 0.026067502796649933,
      "RMSE_avg": 7.973391532897949
    },
    "step_24": {
      "MAE": 2.7003891468048096,
      "MAPE": 0.03509962558746338,
      "RMSE": 13.929424285888672,
      "MAE_avg": 2.2757408618927,
      "MAPE_avg": 0.029525887221097946,
      "RMSE_avg": 10.461750030517578
    }
  }
}