{
  "best_epoch": 19,
  "num_params": 349185,
  "valid": {
    "MAE": 2.262408971786499,
    "MAPE": 0.02600579895079136,
    "RMSE": 8.794229507446289
  },
  "test": {
    "MAE": 2.2674412727355957,
    "MAPE": 0.029035285115242004,
    "RMSE": 10.702220916748047
  },
  "per_horizon": {
    "step_6": {
      "MAE": 2.072070837020874,
      "MAPE": 0.026144376024603844,
      "RMSE": 7.871747970581055,
      "MAE_avg": 1.8336914777755737,
      "MAPE_avg": 0.023744825273752213,
      "RMSE_avg": 6.403483867645264
    },
    "step_9": {
      "MAE": 2.214049816131592,
      "MAPE": 0.02808607928454876,
      "RMSE": 9.497206687927246,
      "MAE_avg": 1.946345329284668,
      "MAPE_avg": 0.024989670142531395,
      "RMSE_avg": 7.4210052490234375
    },
    "step_12": {
      "MAE": 2.2885513305664062,
      "MAPE": 0.02924644574522972,
      "RMSE": 10.515765190124512,
      "MAE_avg": 2.026057243347168,
      "MAPE_avg": 0.025973064824938774,
      "RMSE_avg": 8.202829360961914
    },
    "step_24": {
      "MAE": 2.648564100265503,
      "MAPE": 0.03386147692799568,
      "RMSE": 14.357315063476562,
      "MAE_avg": 2.2674412727355957,
      "MAPE_avg": 0.029035285115242004,
      "RMSE_avg": 10.702220916748047
    }
  }
}