{
  "best_epoch": 9,
  "num_params": 392320,
  "valid": {
    "MAE": 2.2608835697174072,
    "MAPE": 0.02619604766368866,
    "RMSE": 8.711457252502441
  },
  "test": {
    "MAE": 2.3426311016082764,
    "MAPE": 0.030518123880028725,
    "RMSE": 10.706623077392578
  },
  "per_horizon": {
    "step_6": {
      "MAE": 2.108485221862793,
      "MAPE": 0.027349349111318588,
      "RMSE": 7.6197333335876465,
      "MAE_avg": 1.8424487113952637,
      "MAPE_avg": 0.024341300129890442,
      "RMSE_avg": 6.191669464111328
    },
    "step_9": {
      "MAE": 2.2684290409088135,
      "MAPE": 0.0293839480727911,
      "RMSE": 9.306028366088867,
      "MAE_avg": 1.9688619375228882,
      "MAPE_avg": 0.025809776037931442,
      "RMSE_avg": 7.214756488800049
    },
    "step_12": {
      "MAE": 2.3760147094726562,
      "MAPE": 0.03087880276143551,
      "RMSE": 10.415164947509766,
      "MAE_avg": 2.062333822250366,
      "MAPE_avg": 0.026976585388183594,
      "RMSE_avg": 8.034453392028809
    },
    "step_24": {
      "MAE": 2.7656142711639404,
      "MAPE": 0.03571952134370804,
      "RMSE": 14.549954414367676,
      "MAE_avg": 2.3426311016082764,
      "MAPE_avg": 0.030518123880028725,
      "RMSE_avg": 10.706623077392578
    }
  }
}