{
  "best_epoch": 13,
  "num_params": 323649,
  "valid": {
    "MAE": 2.257338523864746,
    "MAPE": 0.02601606212556362,
    "RMSE": 8.836371421813965
  },
  "test": {
    "MAE": 2.3021111488342285,
    "MAPE": 0.029867777600884438,
    "RMSE": 10.753090858459473
  },
  "per_horizon": {
    "step_6": {
      "MAE": 2.0930378437042236,
      "MAPE": 0.026745347306132317,
      "RMSE": 7.772507190704346,
      "MAE_avg": 1.8359448909759521,
      "MAPE_avg": 0.02400084212422371,
      "RMSE_avg": 6.355074882507324
    },
    "step_9": {
      "MAE": 2.263767719268799,
      "MAPE": 0.02916734665632248,
      "RMSE": 9.577686309814453,
      "MAE_avg": 1.9629151821136475,
      "MAPE_avg": 0.025500183925032616,
      "RMSE_avg": 7.417844772338867
    },
    "step_12": {
      "MAE": 2.350212335586548,
      "MAPE": 0.03031349740922451,
      "RMSE": 10.553241729736328,
      "MAE_avg": 2.052210807800293,
      "MAPE_avg": 0.026614492759108543,
      "RMSE_avg": 8.217061042785645
    },
    "step_24": {
      "MAE": 2.703859806060791,
      "MAPE": 0.0350770466029644,
      "RMSE": 14.495386123657227,
      "MAE_avg": 2.3021111488342285,
      "MAPE_avg": 0.029867777600884438,
      "RMSE_avg": 10.753090858459473
    }
  }
}