{
  "best_epoch": 6,
  "num_params": 348161,
  "valid": {
    "MAE": 2.2915937900543213,
    "MAPE": 0.026147983968257904,
    "RMSE": 9.783613204956055
  },
  "test": {
    "MAE": 2.417235851287842,
    "MAPE": 0.03164615109562874,
    "RMSE": 11.52390193939209
  },
  "per_horizon": {
    "step_6": {
      "MAE": 2.2294580936431885,
      "MAPE": 0.02926967479288578,
      "RMSE": 8.663155555725098,
      "MAE_avg": 2.1140191555023193,
      "MAPE_avg": 0.02780243009328842,
      "RMSE_avg": 7.788890838623047
    },
    "step_9": {
      "MAE": 2.3304479122161865,
      "MAPE": 0.03053274005651474,
      "RMSE": 10.090425491333008,
      "MAE_avg": 2.1746644973754883,
      "MAPE_avg": 0.02855231985449791,
      "RMSE_avg": 8.481039047241211
    },
    "step_12": {
      "MAE": 2.4152681827545166,
      "MAPE": 0.03165455162525177,
      "RMSE": 11.145145416259766,
      "MAE_avg": 2.229091167449951,
      "MAPE_avg": 0.029245734214782715,
      "RMSE_avg": 9.118804931640625
    },
    "step_24": {
      "MAE": 2.7539451122283936,
      "MAPE": 0.0356757827103138,
      "RMSE": 15.471845626831055,
      "MAE_avg": 2.417235851287842,
      "MAPE_avg": 0.03164615109562874,
      "RMSE_avg": 11.52390193939209
    }
  }
}