{
  "best_epoch": 19,
  "num_params": 349185,
  "valid": {
    "MAE": 2.2632968425750732,
    "MAPE": 0.02602820284664631,
    "RMSE": 8.787510871887207
  },
  "test": {
    "MAE": 2.267364025115967,
    "MAPE": 0.02901536412537098,
    "RMSE": 10.702136993408203
  },
  "per_horizon": {
    "step_6": {
      "MAE": 2.0765655040740967,
      "MAPE": 0.026188360527157784,
      "RMSE": 7.8976006507873535,
      "MAE_avg": 1.8349775075912476,
      "MAPE_avg": 0.023759111762046814,
      "RMSE_avg": 6.425111770629883
    },
    "step_9": {
      "MAE": 2.2195370197296143,
      "MAPE": 0.028121598064899445,
      "RMSE": 9.495256423950195,
      "MAE_avg": 1.9483977556228638,
      "MAPE_avg": 0.02500505931675434,
      "RMSE_avg": 7.4361066818237305
    },
    "step_12": {
      "MAE": 2.2892324924468994,
      "MAPE": 0.029234351590275764,
      "RMSE": 10.507706642150879,
      "MAE_avg": 2.0277047157287598,
      "MAPE_avg": 0.02597847208380699,
      "RMSE_avg": 8.208555221557617
    },
    "step_24": {
      "MAE": 2.647545337677002,
      "MAPE": 0.03383621200919151,
      "RMSE": 14.38705825805664,
      "MAE_avg": 2.267364025115967,
      "MAPE_avg": 0.02901536412537098,
      "RMSE_avg": 10.702136993408203
    }
  }
}