{
  "best_epoch": 10,
  "num_params": 349185,
  "valid": {
    "MAE": 2.2558891773223877,
    "MAPE": 0.026049824431538582,
    "RMSE": 8.799752235412598
  },
  "test": {
    "MAE": 2.292079448699951,
    "MAPE": 0.030108235776424408,
    "RMSE": 10.62501335144043
  },
  "per_horizon": {
    "step_6": {
      "MAE": 2.0699682235717773,
      "MAPE": 0.026953043416142464,
      "RMSE": 7.572267532348633,
      "MAE_avg": 1.8274511098861694,
      "MAPE_avg": 0.024180840700864792,
      "RMSE_avg": 6.213950157165527
    },
    "step_9": {
      "MAE": 2.2478652000427246,
      "MAPE": 0.029469097033143044,
      "RMSE": 9.421749114990234,
      "MAE_avg": 1.9500733613967896,
      "MAPE_avg": 0.025695782154798508,
      "RMSE_avg": 7.264374732971191
    },
    "step_12": {
      "MAE": 2.3470382690429688,
      "MAPE": 0.030844753608107567,
      "RMSE": 10.436577796936035,
      "MAE_avg": 2.0419914722442627,
      "MAPE_avg": 0.026879677549004555,
      "RMSE_avg": 8.07189655303955
    },
    "step_24": {
      "MAE": 2.7165043354034424,
      "MAPE": 0.03552538529038429,
      "RMSE": 14.421500205993652,
      "MAE_avg": 2.292079448699951,
      "MAPE_avg": 0.030108235776424408,
      "RMSE_avg": 10.62501335144043
    }
  }
}