{
  "best_epoch": 10,
  "num_params": 392320,
  "valid": {
    "MAE": 2.255478858947754,
    "MAPE": 0.02612847276031971,
    "RMSE": 8.709956169128418
  },
  "test": {
    "MAE": 2.306126117706299,
    "MAPE": 0.030131198465824127,
    "RMSE": 10.511177062988281
  },
  "per_horizon": {
    "step_6": {
      "MAE": 2.1101882457733154,
      "MAPE": 0.0274359080940485,
      "RMSE": 7.584079742431641,
      "MAE_avg": 1.83890700340271,
      "MAPE_avg": 0.024339573457837105,
      "RMSE_avg": 6.201443672180176
    },
    "step_9": {
      "MAE": 2.2735602855682373,
      "MAPE": 0.029628966003656387,
      "RMSE": 9.347434043884277,
      "MAE_avg": 1.9668489694595337,
      "MAPE_avg": 0.0258798711001873,
      "RMSE_avg": 7.239104270935059
    },
    "step_12": {
      "MAE": 2.374208450317383,
      "MAPE": 0.030880866572260857,
      "RMSE": 10.32685375213623,
      "MAE_avg": 2.0615909099578857,
      "MAPE_avg": 0.027044950053095818,
      "RMSE_avg": 8.023066520690918
    },
    "step_24": {
      "MAE": 2.7148358821868896,
      "MAPE": 0.03542201593518257,
      "RMSE": 14.170190811157227,
      "MAE_avg": 2.306126117706299,
      "MAPE_avg": 0.030131198465824127,
      "RMSE_avg": 10.511177062988281
    }
  }
}