{
  "best_epoch": 13,
  "num_params": 393153,
  "valid": {
    "MAE": 2.2400617599487305,
    "MAPE": 0.025852803140878677,
    "RMSE": 8.792759895324707
  },
  "test": {
    "MAE": 2.29021954536438,
    "MAPE": 0.029565967619419098,
    "RMSE": 10.606027603149414
  },
  "per_horizon": {
    "step_6": {
      "MAE": 2.069458246231079,
      "MAPE": 0.026432322338223457,
      "RMSE": 7.588152885437012,
      "MAE_avg": 1.8186510801315308,
      "MAPE_avg": 0.02375595085322857,
      "RMSE_avg": 6.253427028656006
    },
    "step_9": {
      "MAE": 2.227966785430908,
      "MAPE": 0.028660431504249573,
      "RMSE": 9.385168075561523,
      "MAE_avg": 1.9415156841278076,
      "MAPE_avg": 0.025187809020280838,
      "RMSE_avg": 7.285480976104736
    },
    "step_12": {
      "MAE": 2.341090202331543,
      "MAPE": 0.03010832890868187,
      "RMSE": 10.417972564697266,
      "MAE_avg": 2.033086061477661,
      "MAPE_avg": 0.026321550831198692,
      "RMSE_avg": 8.078120231628418
    },
    "step_24": {
      "MAE": 2.6834137439727783,
      "MAPE": 0.03447491303086281,
      "RMSE": 14.268335342407227,
      "MAE_avg": 2.29021954536438,
      "MAPE_avg": 0.029565967619419098,
      "RMSE_avg": 10.606027603149414
    }
  }
}