{
  "best_epoch": 9,
  "num_params": 393153,
  "valid": {
    "MAE": 2.2326598167419434,
    "MAPE": 0.02580851875245571,
    "RMSE": 8.716755867004395
  },
  "test": {
    "MAE": 2.327664613723755,
    "MAPE": 0.03043249063193798,
    "RMSE": 10.670448303222656
  },
  "per_horizon": {
    "step_6": {
      "MAE": 2.089949131011963,
      "MAPE": 0.02715229243040085,
      "RMSE": 7.622116565704346,
      "MAE_avg": 1.8402317762374878,
      "MAPE_avg": 0.024344826117157936,
      "RMSE_avg": 6.226965427398682
    },
    "step_9": {
      "MAE": 2.2485899925231934,
      "MAPE": 0.02915927954018116,
      "RMSE": 9.301148414611816,
      "MAE_avg": 1.9622300863265991,
      "MAPE_avg": 0.025759564712643623,
      "RMSE_avg": 7.234085559844971
    },
    "step_12": {
      "MAE": 2.3653180599212646,
      "MAPE": 0.030830562114715576,
      "RMSE": 10.395021438598633,
      "MAE_avg": 2.052722215652466,
      "MAPE_avg": 0.026884347200393677,
      "RMSE_avg": 8.031047821044922
    },
    "step_24": {
      "MAE": 2.769636869430542,
      "MAPE": 0.03610045090317726,
      "RMSE": 14.512502670288086,
      "MAE_avg": 2.327664613723755,
      "MAPE_avg": 0.03043249063193798,
      "RMSE_avg": 10.670448303222656
    }
  }
}