{
  "best_epoch": 34,
  "num_params": 350010,
  "valid": {
    "MAE": 2.261763572692871,
    "MAPE": 0.0259690098464489,
    "RMSE": 9.179730415344238
  },
  "test": {
    "MAE": 2.281740427017212,
    "MAPE": 0.029622741043567657,
    "RMSE": 10.476419448852539
  },
  "per_horizon": {
    "step_6": {
      "MAE": 2.0305588245391846,
      "MAPE": 0.026300428435206413,
      "RMSE": 7.5499067306518555,
      "MAE_avg": 1.8006575107574463,
      "MAPE_avg": 0.023663846775889397,
      "RMSE_avg": 6.161919593811035
    },
    "step_9": {
      "MAE": 2.194488525390625,
      "MAPE": 0.028373252600431442,
      "RMSE": 9.327231407165527,
      "MAE_avg": 1.915208339691162,
      "MAPE_avg": 0.025013724341988564,
      "RMSE_avg": 7.19570779800415
    },
    "step_12": {
      "MAE": 2.324547529220581,
      "MAPE": 0.03013715147972107,
      "RMSE": 10.513229370117188,
      "MAE_avg": 2.007073402404785,
      "MAPE_avg": 0.026152770966291428,
      "RMSE_avg": 8.024506568908691
    },
    "step_24": {
      "MAE": 2.709829807281494,
      "MAPE": 0.035183846950531006,
      "RMSE": 13.857378005981445,
      "MAE_avg": 2.281740427017212,
      "MAPE_avg": 0.029622741043567657,
      "RMSE_avg": 10.476419448852539
    }
  }
}