{
  "best_epoch": 13,
  "num_params": 392320,
  "valid": {
    "MAE": 2.2580602169036865,
    "MAPE": 0.025952938944101334,
    "RMSE": 8.914299011230469
  },
  "test": {
    "MAE": 2.312966823577881,
    "MAPE": 0.03006252832710743,
    "RMSE": 10.675722122192383
  },
  "per_horizon": {
    "step_6": {
      "MAE": 2.082592725753784,
      "MAPE": 0.02689749374985695,
      "RMSE": 7.626764297485352,
      "MAE_avg": 1.8209030628204346,
      "MAPE_avg": 0.02397211454808712,
      "RMSE_avg": 6.237156867980957
    },
    "step_9": {
      "MAE": 2.2405810356140137,
      "MAPE": 0.029048968106508255,
      "RMSE": 9.417933464050293,
      "MAE_avg": 1.9464387893676758,
      "MAPE_avg": 0.025458283722400665,
      "RMSE_avg": 7.2803053855896
    },
    "step_12": {
      "MAE": 2.3704307079315186,
      "MAPE": 0.030742669478058815,
      "RMSE": 10.48132610321045,
      "MAE_avg": 2.0431907176971436,
      "MAPE_avg": 0.0266591627150774,
      "RMSE_avg": 8.093684196472168
    },
    "step_24": {
      "MAE": 2.6850554943084717,
      "MAPE": 0.034612465649843216,
      "RMSE": 14.406013488769531,
      "MAE_avg": 2.312966823577881,
      "MAPE_avg": 0.03006252832710743,
      "RMSE_avg": 10.675722122192383
    }
  }
}