{
  "best_epoch": 15,
  "num_params": 349185,
  "valid": {
    "MAE": 2.251183032989502,
    "MAPE": 0.0259056705981493,
    "RMSE": 8.783018112182617
  },
  "test": {
    "MAE": 2.277377128601074,
    "MAPE": 0.029763538390398026,
    "RMSE": 10.541563987731934
  },
  "per_horizon": {
    "step_6": {
      "MAE": 2.068237543106079,
      "MAPE": 0.026854833588004112,
      "RMSE": 7.567254066467285,
      "MAE_avg": 1.8236325979232788,
      "MAPE_avg": 0.024074869230389595,
      "RMSE_avg": 6.195618629455566
    },
    "step_9": {
      "MAE": 2.2260189056396484,
      "MAPE": 0.02893763780593872,
      "RMSE": 9.289446830749512,
      "MAE_avg": 1.9418829679489136,
      "MAPE_avg": 0.02547970972955227,
      "RMSE_avg": 7.215433120727539
    },
    "step_12": {
      "MAE": 2.333462715148926,
      "MAPE": 0.03052450716495514,
      "RMSE": 10.433829307556152,
      "MAE_avg": 2.0320448875427246,
      "MAPE_avg": 0.02661982923746109,
      "RMSE_avg": 8.018991470336914
    },
    "step_24": {
      "MAE": 2.661228656768799,
      "MAPE": 0.03457317873835564,
      "RMSE": 14.052254676818848,
      "MAE_avg": 2.277377128601074,
      "MAPE_avg": 0.029763538390398026,
      "RMSE_avg": 10.541563987731934
    }
  }
}