{
  "best_epoch": 24,
  "num_params": 349185,
  "valid": {
    "MAE": 2.2334249019622803,
    "MAPE": 0.025761261582374573,
    "RMSE": 8.671553611755371
  },
  "test": {
    "MAE": 2.268970012664795,
    "MAPE": 0.029323983937501907,
    "RMSE": 10.569150924682617
  },
  "per_horizon": {
    "step_6": {
      "MAE": 2.058065176010132,
      "MAPE": 0.026457298547029495,
      "RMSE": 7.642194747924805,
      "MAE_avg": 1.8116272687911987,
      "MAPE_avg": 0.023741569370031357,
      "RMSE_avg": 6.236915588378906
    },
    "step_9": {
      "MAE": 2.195568323135376,
      "MAPE": 0.028240565210580826,
      "RMSE": 9.341429710388184,
      "MAE_avg": 1.9249383211135864,
      "MAPE_avg": 0.02504444122314453,
      "RMSE_avg": 7.2500176429748535
    },
    "step_12": {
      "MAE": 2.3134043216705322,
      "MAPE": 0.029823286458849907,
      "RMSE": 10.460326194763184,
      "MAE_avg": 2.0126397609710693,
      "MAPE_avg": 0.02611192874610424,
      "RMSE_avg": 8.059526443481445
    },
    "step_24": {
      "MAE": 2.685716390609741,
      "MAPE": 0.03459429740905762,
      "RMSE": 14.20855712890625,
      "MAE_avg": 2.268970012664795,
      "MAPE_avg": 0.029323983937501907,
      "RMSE_avg": 10.569150924682617
    }
  }
}