{
  "best_epoch": 15,
  "num_params": 349185,
  "valid": {
    "MAE": 2.2509074211120605,
    "MAPE": 0.025954417884349823,
    "RMSE": 8.826042175292969
  },
  "test": {
    "MAE": 2.284716844558716,
    "MAPE": 0.029936349019408226,
    "RMSE": 10.565922737121582
  },
  "per_horizon": {
    "step_6": {
      "MAE": 2.073716640472412,
      "MAPE": 0.026982516050338745,
      "RMSE": 7.597557067871094,
      "MAE_avg": 1.835565447807312,
      "MAPE_avg": 0.02430814318358898,
      "RMSE_avg": 6.245546340942383
    },
    "step_9": {
      "MAE": 2.230710744857788,
      "MAPE": 0.02902214787900448,
      "RMSE": 9.314306259155273,
      "MAE_avg": 1.9514708518981934,
      "MAPE_avg": 0.02567286603152752,
      "RMSE_avg": 7.257096767425537
    },
    "step_12": {
      "MAE": 2.337956428527832,
      "MAPE": 0.030643604695796967,
      "RMSE": 10.450760841369629,
      "MAE_avg": 2.040646553039551,
      "MAPE_avg": 0.026795407757163048,
      "RMSE_avg": 8.053386688232422
    },
    "step_24": {
      "MAE": 2.6700031757354736,
      "MAPE": 0.03472977876663208,
      "RMSE": 14.100502014160156,
      "MAE_avg": 2.284716844558716,
      "MAPE_avg": 0.029936349019408226,
      "RMSE_avg": 10.565922737121582
    }
  }
}