{
  "best_epoch": 19,
  "num_params": 349185,
  "valid": {
    "MAE": 2.267796754837036,
    "MAPE": 0.02603215165436268,
    "RMSE": 8.813616752624512
  },
  "test": {
    "MAE": 2.281120777130127,
    "MAPE": 0.029170259833335876,
    "RMSE": 10.630606651306152
  },
  "per_horizon": {
    "step_6": {
      "MAE": 2.08439302444458,
      "MAPE": 0.026312492787837982,
      "RMSE": 7.877370357513428,
      "MAE_avg": 1.8411381244659424,
      "MAPE_avg": 0.0238510649651289,
      "RMSE_avg": 6.41575813293457
    },
    "step_9": {
      "MAE": 2.241285562515259,
      "MAPE": 0.028358975425362587,
      "RMSE": 9.478296279907227,
      "MAE_avg": 1.958274483680725,
      "MAPE_avg": 0.025134535506367683,
      "RMSE_avg": 7.419721603393555
    },
    "step_12": {
      "MAE": 2.311612129211426,
      "MAPE": 0.029435060918331146,
      "RMSE": 10.444314956665039,
      "MAE_avg": 2.0410194396972656,
      "MAPE_avg": 0.026133814826607704,
      "RMSE_avg": 8.182353019714355
    },
    "step_24": {
      "MAE": 2.6526038646698,
      "MAPE": 0.03389237821102142,
      "RMSE": 14.298192977905273,
      "MAE_avg": 2.281120777130127,
      "MAPE_avg": 0.029170259833335876,
      "RMSE_avg": 10.630606651306152
    }
  }
}