{
  "best_epoch": 10,
  "num_params": 324474,
  "valid": {
    "MAE": 2.290889024734497,
    "MAPE": 0.02649446576833725,
    "RMSE": 9.094599723815918
  },
  "test": {
    "MAE": 2.3350892066955566,
    "MAPE": 0.03075815737247467,
    "RMSE": 10.643795013427734
  },
  "per_horizon": {
    "step_6": {
      "MAE": 2.0981945991516113,
      "MAPE": 0.027308819815516472,
      "RMSE": 7.555714130401611,
      "MAE_avg": 1.863757848739624,
      "MAPE_avg": 0.02465054951608181,
      "RMSE_avg": 6.199173450469971
    },
    "step_9": {
      "MAE": 2.2630162239074707,
      "MAPE": 0.029558248817920685,
      "RMSE": 9.32917308807373,
      "MAE_avg": 1.9844859838485718,
      "MAPE_avg": 0.026142919436097145,
      "RMSE_avg": 7.243326187133789
    },
    "step_12": {
      "MAE": 2.3631503582000732,
      "MAPE": 0.031052928417921066,
      "RMSE": 10.420787811279297,
      "MAE_avg": 2.0719494819641113,
      "MAPE_avg": 0.027258509770035744,
      "RMSE_avg": 8.043254852294922
    },
    "step_24": {
      "MAE": 2.7814905643463135,
      "MAPE": 0.036742355674505234,
      "RMSE": 14.563085556030273,
      "MAE_avg": 2.3350892066955566,
      "MAPE_avg": 0.03075815737247467,
      "RMSE_avg": 10.643795013427734
    }
  }
}