{
  "best_epoch": 1,
  "num_params": 392320,
  "valid": {
    "MAE": 84.17447662353516,
    "MAPE": 0.8686607480049133,
    "RMSE": 185.4320831298828
  },
  "test": {
    "MAE": 81.11735534667969,
    "MAPE": 0.8651579022407532,
    "RMSE": 179.68934631347656
  },
  "per_horizon": {
    "step_6": {
      "MAE": 81.18836975097656,
      "MAPE": 0.8651627898216248,
      "RMSE": 180.47775268554688,
      "MAE_avg": 81.24569702148438,
      "MAPE_avg": 0.865216076374054,
      "RMSE_avg": 180.8108673095703
    },
    "step_9": {
      "MAE": 81.16158294677734,
      "MAPE": 0.8651698231697083,
      "RMSE": 180.1002960205078,
      "MAE_avg": 81.22029876708984,
      "MAPE_avg": 0.8651995658874512,
      "RMSE_avg": 180.6136016845703
    },
    "step_12": {
      "MAE": 81.117431640625,
      "MAPE": 0.8651425242424011,
      "RMSE": 179.72752380371094,
      "MAE_avg": 81.19773864746094,
      "MAPE_avg": 0.8651899695396423,
      "RMSE_avg": 180.416748046875
    },
    "step_24": {
      "MAE": 80.92766571044922,
      "MAPE": 0.8650765419006348,
      "RMSE": 178.12477111816406,
      "MAE_avg": 81.11735534667969,
      "MAPE_avg": 0.8651579022407532,
      "RMSE_avg": 179.68934631347656
    }
  }
}