{
  "best_epoch": 9,
  "num_params": 349345,
  "valid": {
    "MAE": 2.261793375015259,
    "MAPE": 0.026055114343762398,
    "RMSE": 8.875655174255371
  },
  "test": {
    "MAE": 2.312732219696045,
    "MAPE": 0.03018200956285,
    "RMSE": 10.714384078979492
  },
  "per_horizon": {
    "step_6": {
      "MAE": 2.0818071365356445,
      "MAPE": 0.02694254368543625,
      "RMSE": 7.697516441345215,
      "MAE_avg": 1.8307385444641113,
      "MAPE_avg": 0.02406539022922516,
      "RMSE_avg": 6.333662033081055
    },
    "step_9": {
      "MAE": 2.2457399368286133,
      "MAPE": 0.029086973518133163,
      "RMSE": 9.360060691833496,
      "MAE_avg": 1.9539660215377808,
      "MAPE_avg": 0.025521468371152878,
      "RMSE_avg": 7.311880111694336
    },
    "step_12": {
      "MAE": 2.358226776123047,
      "MAPE": 0.030624710023403168,
      "RMSE": 10.413783073425293,
      "MAE_avg": 2.045942783355713,
      "MAPE_avg": 0.026679715141654015,
      "RMSE_avg": 8.098793983459473
    },
    "step_24": {
      "MAE": 2.7336466312408447,
      "MAPE": 0.03567618876695633,
      "RMSE": 14.51982593536377,
      "MAE_avg": 2.312732219696045,
      "MAPE_avg": 0.03018200956285,
      "RMSE_avg": 10.714384078979492
    }
  }
}