{
  "best_epoch": 19,
  "num_params": 349185,
  "valid": {
    "MAE": 2.2648158073425293,
    "MAPE": 0.026037557050585747,
    "RMSE": 8.826192855834961
  },
  "test": {
    "MAE": 2.267329216003418,
    "MAPE": 0.02902398817241192,
    "RMSE": 10.68572998046875
  },
  "per_horizon": {
    "step_6": {
      "MAE": 2.075083017349243,
      "MAPE": 0.02619435079395771,
      "RMSE": 7.9091315269470215,
      "MAE_avg": 1.8309472799301147,
      "MAPE_avg": 0.023726290091872215,
      "RMSE_avg": 6.426876544952393
    },
    "step_9": {
      "MAE": 2.2188358306884766,
      "MAPE": 0.02812156081199646,
      "RMSE": 9.506196975708008,
      "MAE_avg": 1.945541262626648,
      "MAPE_avg": 0.024987107142806053,
      "RMSE_avg": 7.44092321395874
    },
    "step_12": {
      "MAE": 2.2907469272613525,
      "MAPE": 0.02923363260924816,
      "RMSE": 10.505568504333496,
      "MAE_avg": 2.0262320041656494,
      "MAPE_avg": 0.02597164548933506,
      "RMSE_avg": 8.214198112487793
    },
    "step_24": {
      "MAE": 2.6466317176818848,
      "MAPE": 0.03384857624769211,
      "RMSE": 14.345917701721191,
      "MAE_avg": 2.267329216003418,
      "MAPE_avg": 0.02902398817241192,
      "RMSE_avg": 10.68572998046875
    }
  }
}