{
  "best_epoch": 25,
  "num_params": 350035,
  "valid": {
    "MAE": 2.2969040870666504,
    "MAPE": 0.026313094422221184,
    "RMSE": 10.105353355407715
  },
  "test": {
    "MAE": 2.446786403656006,
    "MAPE": 0.03175725042819977,
    "RMSE": 12.214393615722656
  },
  "per_horizon": {
    "step_6": {
      "MAE": 2.253417491912842,
      "MAPE": 0.029411790892481804,
      "RMSE": 9.356317520141602,
      "MAE_avg": 2.093888998031616,
      "MAPE_avg": 0.02745814621448517,
      "RMSE_avg": 8.26421070098877
    },
    "step_9": {
      "MAE": 2.432610273361206,
      "MAPE": 0.03190550580620766,
      "RMSE": 10.971837043762207,
      "MAE_avg": 2.18442964553833,
      "MAPE_avg": 0.02862631157040596,
      "RMSE_avg": 9.085189819335938
    },
    "step_12": {
      "MAE": 2.5023412704467773,
      "MAPE": 0.03247647359967232,
      "RMSE": 12.060847282409668,
      "MAE_avg": 2.258493423461914,
      "MAPE_avg": 0.029533779248595238,
      "RMSE_avg": 9.792057991027832
    },
    "step_24": {
      "MAE": 2.7492761611938477,
      "MAPE": 0.03534039482474327,
      "RMSE": 15.882548332214355,
      "MAE_avg": 2.446786403656006,
      "MAPE_avg": 0.03175725042819977,
      "RMSE_avg": 12.214393615722656
    }
  }
}