{
  "best_epoch": 5,
  "num_params": 348865,
  "valid": {
    "MAE": 2.2629194259643555,
    "MAPE": 0.02619221620261669,
    "RMSE": 8.82004165649414
  },
  "test": {
    "MAE": 2.2968862056732178,
    "MAPE": 0.029994091019034386,
    "RMSE": 10.603859901428223
  },
  "per_horizon": {
    "step_6": {
      "MAE": 2.0914885997772217,
      "MAPE": 0.02713385410606861,
      "RMSE": 7.671707630157471,
      "MAE_avg": 1.8451181650161743,
      "MAPE_avg": 0.024337220937013626,
      "RMSE_avg": 6.248581409454346
    },
    "step_9": {
      "MAE": 2.2304985523223877,
      "MAPE": 0.028847165405750275,
      "RMSE": 9.35614013671875,
      "MAE_avg": 1.9582278728485107,
      "MAPE_avg": 0.02563173696398735,
      "RMSE_avg": 7.264643669128418
    },
    "step_12": {
      "MAE": 2.335324287414551,
      "MAPE": 0.030310725793242455,
      "RMSE": 10.38930606842041,
      "MAE_avg": 2.045748233795166,
      "MAPE_avg": 0.02670395001769066,
      "RMSE_avg": 8.058643341064453
    },
    "step_24": {
      "MAE": 2.7249677181243896,
      "MAPE": 0.035682857036590576,
      "RMSE": 14.369011878967285,
      "MAE_avg": 2.2968862056732178,
      "MAPE_avg": 0.029994091019034386,
      "RMSE_avg": 10.603859901428223
    }
  }
}