{
  "best_epoch": 12,
  "num_params": 349185,
  "valid": {
    "MAE": 2.2769038677215576,
    "MAPE": 0.026249676942825317,
    "RMSE": 9.081411361694336
  },
  "test": {
    "MAE": 2.328021764755249,
    "MAPE": 0.030353974550962448,
    "RMSE": 10.67910099029541
  },
  "per_horizon": {
    "step_6": {
      "MAE": 2.090179681777954,
      "MAPE": 0.02704763039946556,
      "RMSE": 7.722685813903809,
      "MAE_avg": 1.833835244178772,
      "MAPE_avg": 0.02404404804110527,
      "RMSE_avg": 6.309823989868164
    },
    "step_9": {
      "MAE": 2.2540695667266846,
      "MAPE": 0.02916676737368107,
      "RMSE": 9.419170379638672,
      "MAE_avg": 1.9550970792770386,
      "MAPE_avg": 0.02550254389643669,
      "RMSE_avg": 7.319515705108643
    },
    "step_12": {
      "MAE": 2.3483786582946777,
      "MAPE": 0.030522704124450684,
      "RMSE": 10.508631706237793,
      "MAE_avg": 2.0462491512298584,
      "MAPE_avg": 0.026658179238438606,
      "RMSE_avg": 8.11814022064209
    },
    "step_24": {
      "MAE": 2.756213426589966,
      "MAPE": 0.035924918949604034,
      "RMSE": 14.353545188903809,
      "MAE_avg": 2.328021764755249,
      "MAPE_avg": 0.030353974550962448,
      "RMSE_avg": 10.67910099029541
    }
  }
}