{
  "best_epoch": 28,
  "num_params": 336449,
  "valid": {
    "MAE": 2.2059059143066406,
    "MAPE": 0.025499192997813225,
    "RMSE": 9.045023918151855
  },
  "test": {
    "MAE": 2.255600929260254,
    "MAPE": 0.02935728430747986,
    "RMSE": 10.862785339355469
  },
  "per_horizon": {
    "step_6": {
      "MAE": 2.075511932373047,
      "MAPE": 0.02693595178425312,
      "RMSE": 7.713047027587891,
      "MAE_avg": 1.8278448581695557,
      "MAPE_avg": 0.024064796045422554,
      "RMSE_avg": 6.308409214019775
    },
    "step_9": {
      "MAE": 2.1974070072174072,
      "MAPE": 0.02858959697186947,
      "RMSE": 9.496756553649902,
      "MAE_avg": 1.9389594793319702,
      "MAPE_avg": 0.025391658768057823,
      "RMSE_avg": 7.344224452972412
    },
    "step_12": {
      "MAE": 2.29492449760437,
      "MAPE": 0.029937250539660454,
      "RMSE": 10.558533668518066,
      "MAE_avg": 2.021514415740967,
      "MAPE_avg": 0.02643420174717903,
      "RMSE_avg": 8.16602897644043
    },
    "step_24": {
      "MAE": 2.6679420471191406,
      "MAPE": 0.034429311752319336,
      "RMSE": 14.759105682373047,
      "MAE_avg": 2.255600929260254,
      "MAPE_avg": 0.02935728430747986,
      "RMSE_avg": 10.862785339355469
    }
  }
}