{
  "best_epoch": 15,
  "num_params": 968560,
  "valid": {
    "MAE": 2.252811908721924,
    "MAPE": 0.025981001555919647,
    "RMSE": 8.838343620300293
  },
  "test": {
    "MAE": 2.3340883255004883,
    "MAPE": 0.03039068542420864,
    "RMSE": 11.009561538696289
  },
  "per_horizon": {
    "step_6": {
      "MAE": 2.104961395263672,
      "MAPE": 0.027293115854263306,
      "RMSE": 7.948520660400391,
      "MAE_avg": 1.8791488409042358,
      "MAPE_avg": 0.024795591831207275,
      "RMSE_avg": 6.6627278327941895
    },
    "step_9": {
      "MAE": 2.283015012741089,
      "MAPE": 0.029697388410568237,
      "RMSE": 9.721189498901367,
      "MAE_avg": 1.996923804283142,
      "MAPE_avg": 0.02619059756398201,
      "RMSE_avg": 7.65161657333374
    },
    "step_12": {
      "MAE": 2.373530626296997,
      "MAPE": 0.03081798553466797,
      "RMSE": 10.896567344665527,
      "MAE_avg": 2.0843095779418945,
      "MAPE_avg": 0.02725827880203724,
      "RMSE_avg": 8.452258110046387
    },
    "step_24": {
      "MAE": 2.7128307819366455,
      "MAPE": 0.03504176437854767,
      "RMSE": 14.503201484680176,
      "MAE_avg": 2.3340883255004883,
      "MAPE_avg": 0.03039068542420864,
      "RMSE_avg": 11.009561538696289
    }
  }
}