{
  "best_epoch": 10,
  "num_params": 349025,
  "valid": {
    "MAE": 2.2687251567840576,
    "MAPE": 0.026155315339565277,
    "RMSE": 8.800444602966309
  },
  "test": {
    "MAE": 2.301650047302246,
    "MAPE": 0.030015112832188606,
    "RMSE": 10.707178115844727
  },
  "per_horizon": {
    "step_6": {
      "MAE": 2.0713531970977783,
      "MAPE": 0.02664509415626526,
      "RMSE": 7.625168800354004,
      "MAE_avg": 1.8258901834487915,
      "MAPE_avg": 0.02390454337000847,
      "RMSE_avg": 6.246436595916748
    },
    "step_9": {
      "MAE": 2.258740186691284,
      "MAPE": 0.02934964932501316,
      "RMSE": 9.462873458862305,
      "MAE_avg": 1.9506359100341797,
      "MAPE_avg": 0.025442223995923996,
      "RMSE_avg": 7.302885055541992
    },
    "step_12": {
      "MAE": 2.36344313621521,
      "MAPE": 0.03080478124320507,
      "RMSE": 10.511860847473145,
      "MAE_avg": 2.044318675994873,
      "MAPE_avg": 0.026644639670848846,
      "RMSE_avg": 8.112515449523926
    },
    "step_24": {
      "MAE": 2.7429087162017822,
      "MAPE": 0.035722363740205765,
      "RMSE": 14.598553657531738,
      "MAE_avg": 2.301650047302246,
      "MAPE_avg": 0.030015112832188606,
      "RMSE_avg": 10.707178115844727
    }
  }
}