{
  "best_epoch": 15,
  "num_params": 342913,
  "valid": {
    "MAE": 2.230902671813965,
    "MAPE": 0.025723425671458244,
    "RMSE": 8.610712051391602
  },
  "test": {
    "MAE": 2.2420690059661865,
    "MAPE": 0.029081100597977638,
    "RMSE": 10.565011024475098
  },
  "per_horizon": {
    "step_6": {
      "MAE": 2.030611991882324,
      "MAPE": 0.026071902364492416,
      "RMSE": 7.605373859405518,
      "MAE_avg": 1.8209651708602905,
      "MAPE_avg": 0.02390706166625023,
      "RMSE_avg": 6.357310771942139
    },
    "step_9": {
      "MAE": 2.1466562747955322,
      "MAPE": 0.027693336829543114,
      "RMSE": 9.302286148071289,
      "MAE_avg": 1.9199122190475464,
      "MAPE_avg": 0.02503722533583641,
      "RMSE_avg": 7.317958354949951
    },
    "step_12": {
      "MAE": 2.2467498779296875,
      "MAPE": 0.029135169461369514,
      "RMSE": 10.348209381103516,
      "MAE_avg": 1.9941294193267822,
      "MAPE_avg": 0.02596052922308445,
      "RMSE_avg": 8.089250564575195
    },
    "step_24": {
      "MAE": 2.688317060470581,
      "MAPE": 0.034781329333782196,
      "RMSE": 14.219301223754883,
      "MAE_avg": 2.2420690059661865,
      "MAPE_avg": 0.029081100597977638,
      "RMSE_avg": 10.565011024475098
    }
  }
}