{
  "best_epoch": 14,
  "num_params": 350010,
  "valid": {
    "MAE": 2.2428324222564697,
    "MAPE": 0.025889016687870026,
    "RMSE": 8.813593864440918
  },
  "test": {
    "MAE": 2.297373056411743,
    "MAPE": 0.029845381155610085,
    "RMSE": 10.673469543457031
  },
  "per_horizon": {
    "step_6": {
      "MAE": 2.077277898788452,
      "MAPE": 0.026979578658938408,
      "RMSE": 7.759560585021973,
      "MAE_avg": 1.809774398803711,
      "MAPE_avg": 0.023821188136935234,
      "RMSE_avg": 6.250455379486084
    },
    "step_9": {
      "MAE": 2.2307093143463135,
      "MAPE": 0.028812158852815628,
      "RMSE": 9.441160202026367,
      "MAE_avg": 1.935831069946289,
      "MAPE_avg": 0.025320300832390785,
      "RMSE_avg": 7.31854772567749
    },
    "step_12": {
      "MAE": 2.348440647125244,
      "MAPE": 0.03047494776546955,
      "RMSE": 10.57186222076416,
      "MAE_avg": 2.0301525592803955,
      "MAPE_avg": 0.026477649807929993,
      "RMSE_avg": 8.13125991821289
    },
    "step_24": {
      "MAE": 2.7347347736358643,
      "MAPE": 0.0352797694504261,
      "RMSE": 14.460502624511719,
      "MAE_avg": 2.297373056411743,
      "MAPE_avg": 0.029845381155610085,
      "RMSE_avg": 10.673469543457031
    }
  }
}