{
  "best_epoch": 25,
  "num_params": 349185,
  "valid": {
    "MAE": 2.254424810409546,
    "MAPE": 0.025992954149842262,
    "RMSE": 8.783856391906738
  },
  "test": {
    "MAE": 2.2923429012298584,
    "MAPE": 0.03002186119556427,
    "RMSE": 10.6384859085083
  },
  "per_horizon": {
    "step_6": {
      "MAE": 2.0719945430755615,
      "MAPE": 0.026975110173225403,
      "RMSE": 7.669869422912598,
      "MAE_avg": 1.8233106136322021,
      "MAPE_avg": 0.024037709459662437,
      "RMSE_avg": 6.2259955406188965
    },
    "step_9": {
      "MAE": 2.2472524642944336,
      "MAPE": 0.029375554993748665,
      "RMSE": 9.457505226135254,
      "MAE_avg": 1.9458714723587036,
      "MAPE_avg": 0.025546420365571976,
      "RMSE_avg": 7.2852067947387695
    },
    "step_12": {
      "MAE": 2.342374563217163,
      "MAPE": 0.030675455927848816,
      "RMSE": 10.46811294555664,
      "MAE_avg": 2.0370845794677734,
      "MAPE_avg": 0.026715928688645363,
      "RMSE_avg": 8.088509559631348
    },
    "step_24": {
      "MAE": 2.7105612754821777,
      "MAPE": 0.03541681542992592,
      "RMSE": 14.37044906616211,
      "MAE_avg": 2.2923429012298584,
      "MAPE_avg": 0.03002186119556427,
      "RMSE_avg": 10.6384859085083
    }
  }
}