{
  "best_epoch": 13,
  "num_params": 336449,
  "valid": {
    "MAE": 2.2446718215942383,
    "MAPE": 0.026119451969861984,
    "RMSE": 8.609902381896973
  },
  "test": {
    "MAE": 2.263782262802124,
    "MAPE": 0.029447637498378754,
    "RMSE": 10.730425834655762
  },
  "per_horizon": {
    "step_6": {
      "MAE": 2.041612148284912,
      "MAPE": 0.02623353898525238,
      "RMSE": 7.641080379486084,
      "MAE_avg": 1.8145118951797485,
      "MAPE_avg": 0.023902030661702156,
      "RMSE_avg": 6.3169989585876465
    },
    "step_9": {
      "MAE": 2.1777610778808594,
      "MAPE": 0.02814199961721897,
      "RMSE": 9.494319915771484,
      "MAE_avg": 1.923360824584961,
      "MAPE_avg": 0.02514144405722618,
      "RMSE_avg": 7.350924491882324
    },
    "step_12": {
      "MAE": 2.2777745723724365,
      "MAPE": 0.02947300300002098,
      "RMSE": 10.48572826385498,
      "MAE_avg": 2.0055088996887207,
      "MAPE_avg": 0.026142505928874016,
      "RMSE_avg": 8.15523910522461
    },
    "step_24": {
      "MAE": 2.7173054218292236,
      "MAPE": 0.03527763858437538,
      "RMSE": 14.478593826293945,
      "MAE_avg": 2.263782262802124,
      "MAPE_avg": 0.029447637498378754,
      "RMSE_avg": 10.730425834655762
    }
  }
}