{
  "best_epoch": 1,
  "num_params": 392320,
  "valid": {
    "MAE": 84.17447662353516,
    "MAPE": 0.8686607480049133,
    "RMSE": 185.4320831298828
  },
  "test": {
    "MAE": 81.11735534667969,
    "MAPE": 0.865157961845398,
    "RMSE": 179.68934631347656
  },
  "per_horizon": {
    "step_6": {
      "MAE": 81.1883544921875,
      "MAPE": 0.8651618361473083,
      "RMSE": 180.47775268554688,
      "MAE_avg": 81.24568939208984,
      "MAPE_avg": 0.8652157783508301,
      "RMSE_avg": 180.8108673095703
    },
    "step_9": {
      "MAE": 81.16157531738281,
      "MAPE": 0.8651704788208008,
      "RMSE": 180.1002960205078,
      "MAE_avg": 81.22029113769531,
      "MAPE_avg": 0.8651993274688721,
      "RMSE_avg": 180.6136016845703
    },
    "step_12": {
      "MAE": 81.117431640625,
      "MAPE": 0.8651431798934937,
      "RMSE": 179.72752380371094,
      "MAE_avg": 81.19772338867188,
      "MAPE_avg": 0.8651900887489319,
      "RMSE_avg": 180.416748046875
    },
    "step_24": {
      "MAE": 80.92765045166016,
      "MAPE": 0.86507648229599,
      "RMSE": 178.12477111816406,
      "MAE_avg": 81.11735534667969,
      "MAPE_avg": 0.865157961845398,
      "RMSE_avg": 179.68934631347656
    }
  }
}