{
  "best_epoch": 33,
  "num_params": 356250,
  "valid": {
    "MAE": 2.2448089122772217,
    "MAPE": 0.025736093521118164,
    "RMSE": 8.96420669555664
  },
  "test": {
    "MAE": 2.33036208152771,
    "MAPE": 0.029872657731175423,
    "RMSE": 11.178481101989746
  },
  "per_horizon": {
    "step_6": {
      "MAE": 2.0792174339294434,
      "MAPE": 0.026564283296465874,
      "RMSE": 8.253856658935547,
      "MAE_avg": 1.8209600448608398,
      "MAPE_avg": 0.023788008838891983,
      "RMSE_avg": 6.58019495010376
    },
    "step_9": {
      "MAE": 2.2455291748046875,
      "MAPE": 0.028423791751265526,
      "RMSE": 10.209310531616211,
      "MAE_avg": 1.9468090534210205,
      "MAPE_avg": 0.02516055665910244,
      "RMSE_avg": 7.76422643661499
    },
    "step_12": {
      "MAE": 2.3843541145324707,
      "MAPE": 0.03025728464126587,
      "RMSE": 11.196442604064941,
      "MAE_avg": 2.0487215518951416,
      "MAPE_avg": 0.02633931301534176,
      "RMSE_avg": 8.657094955444336
    },
    "step_24": {
      "MAE": 2.8008270263671875,
      "MAPE": 0.03606874868273735,
      "RMSE": 14.784501075744629,
      "MAE_avg": 2.33036208152771,
      "MAPE_avg": 0.029872657731175423,
      "RMSE_avg": 11.178481101989746
    }
  }
}