{
  "best_epoch": 3,
  "num_params": 392320,
  "valid": {
    "MAE": 2.24352765083313,
    "MAPE": 0.025750964879989624,
    "RMSE": 8.874116897583008
  },
  "test": {
    "MAE": 2.289269208908081,
    "MAPE": 0.02991006337106228,
    "RMSE": 10.540606498718262
  },
  "per_horizon": {
    "step_6": {
      "MAE": 2.0677378177642822,
      "MAPE": 0.02684980444610119,
      "RMSE": 7.574295520782471,
      "MAE_avg": 1.8537975549697876,
      "MAPE_avg": 0.024478331208229065,
      "RMSE_avg": 6.242891788482666
    },
    "step_9": {
      "MAE": 2.198223352432251,
      "MAPE": 0.02855011634528637,
      "RMSE": 9.288078308105469,
      "MAE_avg": 1.9566030502319336,
      "MAPE_avg": 0.02566291019320488,
      "RMSE_avg": 7.227460861206055
    },
    "step_12": {
      "MAE": 2.301846742630005,
      "MAPE": 0.030046461150050163,
      "RMSE": 10.31498908996582,
      "MAE_avg": 2.035350799560547,
      "MAPE_avg": 0.02664993889629841,
      "RMSE_avg": 8.002229690551758
    },
    "step_24": {
      "MAE": 2.7222959995269775,
      "MAPE": 0.035605233162641525,
      "RMSE": 14.420599937438965,
      "MAE_avg": 2.289269208908081,
      "MAPE_avg": 0.02991006337106228,
      "RMSE_avg": 10.540606498718262
    }
  }
}