{
  "best_epoch": 6,
  "num_params": 342721,
  "valid": {
    "MAE": 2.2704668045043945,
    "MAPE": 0.025980837643146515,
    "RMSE": 8.92034912109375
  },
  "test": {
    "MAE": 2.308974266052246,
    "MAPE": 0.030008265748620033,
    "RMSE": 10.511030197143555
  },
  "per_horizon": {
    "step_6": {
      "MAE": 2.08548641204834,
      "MAPE": 0.02695746161043644,
      "RMSE": 7.496170997619629,
      "MAE_avg": 1.8493773937225342,
      "MAPE_avg": 0.02431025542318821,
      "RMSE_avg": 6.151350021362305
    },
    "step_9": {
      "MAE": 2.2777445316314697,
      "MAPE": 0.029310399666428566,
      "RMSE": 9.233057022094727,
      "MAE_avg": 1.9778095483779907,
      "MAPE_avg": 0.025759393349289894,
      "RMSE_avg": 7.1648335456848145
    },
    "step_12": {
      "MAE": 2.369091510772705,
      "MAPE": 0.03065919131040573,
      "RMSE": 10.290478706359863,
      "MAE_avg": 2.0672311782836914,
      "MAPE_avg": 0.026857944205403328,
      "RMSE_avg": 7.953643321990967
    },
    "step_24": {
      "MAE": 2.6791794300079346,
      "MAPE": 0.03485650196671486,
      "RMSE": 14.254999160766602,
      "MAE_avg": 2.308974266052246,
      "MAPE_avg": 0.030008265748620033,
      "RMSE_avg": 10.511030197143555
    }
  }
}