{
  "best_epoch": 25,
  "num_params": 336449,
  "valid": {
    "MAE": 2.226747751235962,
    "MAPE": 0.02576438896358013,
    "RMSE": 8.561867713928223
  },
  "test": {
    "MAE": 2.247051477432251,
    "MAPE": 0.02896101027727127,
    "RMSE": 10.946768760681152
  },
  "per_horizon": {
    "step_6": {
      "MAE": 2.0608620643615723,
      "MAPE": 0.02650800161063671,
      "RMSE": 7.7756853103637695,
      "MAE_avg": 1.7899360656738281,
      "MAPE_avg": 0.02347467467188835,
      "RMSE_avg": 6.300007343292236
    },
    "step_9": {
      "MAE": 2.195032835006714,
      "MAPE": 0.02823098562657833,
      "RMSE": 9.671723365783691,
      "MAE_avg": 1.908867597579956,
      "MAPE_avg": 0.024841129779815674,
      "RMSE_avg": 7.402929782867432
    },
    "step_12": {
      "MAE": 2.2591328620910645,
      "MAPE": 0.02890412136912346,
      "RMSE": 10.62077522277832,
      "MAE_avg": 1.9893767833709717,
      "MAPE_avg": 0.02577345073223114,
      "RMSE_avg": 8.22383975982666
    },
    "step_24": {
      "MAE": 2.6977412700653076,
      "MAPE": 0.03477181866765022,
      "RMSE": 14.94775676727295,
      "MAE_avg": 2.247051477432251,
      "MAPE_avg": 0.02896101027727127,
      "RMSE_avg": 10.946768760681152
    }
  }
}