{
  "best_epoch": 9,
  "num_params": 395073,
  "valid": {
    "MAE": 2.266075611114502,
    "MAPE": 0.026038184762001038,
    "RMSE": 8.918288230895996
  },
  "test": {
    "MAE": 2.3097012042999268,
    "MAPE": 0.03007243573665619,
    "RMSE": 10.74394416809082
  },
  "per_horizon": {
    "step_6": {
      "MAE": 2.0762906074523926,
      "MAPE": 0.026803074404597282,
      "RMSE": 7.695312976837158,
      "MAE_avg": 1.8333743810653687,
      "MAPE_avg": 0.024106906726956367,
      "RMSE_avg": 6.30443811416626
    },
    "step_9": {
      "MAE": 2.2470946311950684,
      "MAPE": 0.02905714511871338,
      "RMSE": 9.369504928588867,
      "MAE_avg": 1.9533294439315796,
      "MAPE_avg": 0.025494316592812538,
      "RMSE_avg": 7.305720806121826
    },
    "step_12": {
      "MAE": 2.347975492477417,
      "MAPE": 0.030464597046375275,
      "RMSE": 10.49074649810791,
      "MAE_avg": 2.042391538619995,
      "MAPE_avg": 0.026602646335959435,
      "RMSE_avg": 8.107331275939941
    },
    "step_24": {
      "MAE": 2.731990098953247,
      "MAPE": 0.035460710525512695,
      "RMSE": 14.57155704498291,
      "MAE_avg": 2.3097012042999268,
      "MAPE_avg": 0.03007243573665619,
      "RMSE_avg": 10.74394416809082
    }
  }
}