{
  "best_epoch": 17,
  "num_params": 349345,
  "valid": {
    "MAE": 2.261415719985962,
    "MAPE": 0.02597055397927761,
    "RMSE": 8.856881141662598
  },
  "test": {
    "MAE": 2.302495002746582,
    "MAPE": 0.029603637754917145,
    "RMSE": 10.718961715698242
  },
  "per_horizon": {
    "step_6": {
      "MAE": 2.0852620601654053,
      "MAPE": 0.026485469192266464,
      "RMSE": 7.692759990692139,
      "MAE_avg": 1.8496123552322388,
      "MAPE_avg": 0.023976609110832214,
      "RMSE_avg": 6.36672306060791
    },
    "step_9": {
      "MAE": 2.235830307006836,
      "MAPE": 0.028519829735159874,
      "RMSE": 9.331306457519531,
      "MAE_avg": 1.9633370637893677,
      "MAPE_avg": 0.02528831735253334,
      "RMSE_avg": 7.334458351135254
    },
    "step_12": {
      "MAE": 2.3334848880767822,
      "MAPE": 0.029831765219569206,
      "RMSE": 10.419249534606934,
      "MAE_avg": 2.0495588779449463,
      "MAPE_avg": 0.02633521519601345,
      "RMSE_avg": 8.106612205505371
    },
    "step_24": {
      "MAE": 2.7076916694641113,
      "MAPE": 0.034887515008449554,
      "RMSE": 14.532398223876953,
      "MAE_avg": 2.302495002746582,
      "MAPE_avg": 0.029603637754917145,
      "RMSE_avg": 10.718961715698242
    }
  }
}