{
  "best_epoch": 19,
  "num_params": 349185,
  "valid": {
    "MAE": 2.270353317260742,
    "MAPE": 0.02605436183512211,
    "RMSE": 8.819955825805664
  },
  "test": {
    "MAE": 2.2806055545806885,
    "MAPE": 0.029148122295737267,
    "RMSE": 10.641329765319824
  },
  "per_horizon": {
    "step_6": {
      "MAE": 2.082674503326416,
      "MAPE": 0.02628515101969242,
      "RMSE": 7.878032684326172,
      "MAE_avg": 1.8412905931472778,
      "MAPE_avg": 0.023844320327043533,
      "RMSE_avg": 6.421117782592773
    },
    "step_9": {
      "MAE": 2.2397873401641846,
      "MAPE": 0.028349269181489944,
      "RMSE": 9.471658706665039,
      "MAE_avg": 1.9579814672470093,
      "MAPE_avg": 0.025124773383140564,
      "RMSE_avg": 7.426042079925537
    },
    "step_12": {
      "MAE": 2.313023567199707,
      "MAPE": 0.02946075238287449,
      "RMSE": 10.443669319152832,
      "MAE_avg": 2.0402657985687256,
      "MAPE_avg": 0.026120493188500404,
      "RMSE_avg": 8.185678482055664
    },
    "step_24": {
      "MAE": 2.6502928733825684,
      "MAPE": 0.0338287428021431,
      "RMSE": 14.308931350708008,
      "MAE_avg": 2.2806055545806885,
      "MAPE_avg": 0.029148122295737267,
      "RMSE_avg": 10.641329765319824
    }
  }
}