{
  "best_epoch": 10,
  "num_params": 349025,
  "valid": {
    "MAE": 2.2684786319732666,
    "MAPE": 0.026152171194553375,
    "RMSE": 8.806300163269043
  },
  "test": {
    "MAE": 2.304525852203369,
    "MAPE": 0.03004978597164154,
    "RMSE": 10.717625617980957
  },
  "per_horizon": {
    "step_6": {
      "MAE": 2.072709321975708,
      "MAPE": 0.026669636368751526,
      "RMSE": 7.634049415588379,
      "MAE_avg": 1.826393485069275,
      "MAPE_avg": 0.02391713112592697,
      "RMSE_avg": 6.257899761199951
    },
    "step_9": {
      "MAE": 2.2619807720184326,
      "MAPE": 0.029386227950453758,
      "RMSE": 9.462193489074707,
      "MAE_avg": 1.9517818689346313,
      "MAPE_avg": 0.025458628311753273,
      "RMSE_avg": 7.311193466186523
    },
    "step_12": {
      "MAE": 2.366614580154419,
      "MAPE": 0.030844345688819885,
      "RMSE": 10.50922679901123,
      "MAE_avg": 2.045935869216919,
      "MAPE_avg": 0.026666969060897827,
      "RMSE_avg": 8.119356155395508
    },
    "step_24": {
      "MAE": 2.7510523796081543,
      "MAPE": 0.03583288937807083,
      "RMSE": 14.627208709716797,
      "MAE_avg": 2.304525852203369,
      "MAPE_avg": 0.03004978597164154,
      "RMSE_avg": 10.717625617980957
    }
  }
}