{
  "best_epoch": 10,
  "num_params": 374433,
  "valid": {
    "MAE": 2.266970157623291,
    "MAPE": 0.026181576773524284,
    "RMSE": 8.80366325378418
  },
  "test": {
    "MAE": 2.3047006130218506,
    "MAPE": 0.029771795496344566,
    "RMSE": 10.640177726745605
  },
  "per_horizon": {
    "step_6": {
      "MAE": 2.0826117992401123,
      "MAPE": 0.02668948844075203,
      "RMSE": 7.5497870445251465,
      "MAE_avg": 1.8226262331008911,
      "MAPE_avg": 0.023806734010577202,
      "RMSE_avg": 6.1763715744018555
    },
    "step_9": {
      "MAE": 2.26786208152771,
      "MAPE": 0.029301969334483147,
      "RMSE": 9.446212768554688,
      "MAE_avg": 1.9516407251358032,
      "MAPE_avg": 0.025352027267217636,
      "RMSE_avg": 7.249372959136963
    },
    "step_12": {
      "MAE": 2.3815619945526123,
      "MAPE": 0.030621519312262535,
      "RMSE": 10.48348617553711,
      "MAE_avg": 2.0497078895568848,
      "MAPE_avg": 0.02655681036412716,
      "RMSE_avg": 8.073995590209961
    },
    "step_24": {
      "MAE": 2.723011016845703,
      "MAPE": 0.03507658466696739,
      "RMSE": 14.445372581481934,
      "MAE_avg": 2.3047006130218506,
      "MAPE_avg": 0.029771795496344566,
      "RMSE_avg": 10.640177726745605
    }
  }
}