{
  "best_epoch": 28,
  "num_params": 336449,
  "valid": {
    "MAE": 2.222768545150757,
    "MAPE": 0.025806350633502007,
    "RMSE": 8.553914070129395
  },
  "test": {
    "MAE": 2.259516954421997,
    "MAPE": 0.029356487095355988,
    "RMSE": 10.711606979370117
  },
  "per_horizon": {
    "step_6": {
      "MAE": 2.0918402671813965,
      "MAPE": 0.02700360305607319,
      "RMSE": 7.695347309112549,
      "MAE_avg": 1.8256878852844238,
      "MAPE_avg": 0.023968176916241646,
      "RMSE_avg": 6.2828593254089355
    },
    "step_9": {
      "MAE": 2.1997768878936768,
      "MAPE": 0.028521796688437462,
      "RMSE": 9.445555686950684,
      "MAE_avg": 1.9416767358779907,
      "MAPE_avg": 0.025350579991936684,
      "RMSE_avg": 7.337142467498779
    },
    "step_12": {
      "MAE": 2.2756011486053467,
      "MAPE": 0.029566457495093346,
      "RMSE": 10.497485160827637,
      "MAE_avg": 2.0167551040649414,
      "MAPE_avg": 0.026292292401194572,
      "RMSE_avg": 8.125274658203125
    },
    "step_24": {
      "MAE": 2.649228811264038,
      "MAPE": 0.03421216085553169,
      "RMSE": 14.457911491394043,
      "MAE_avg": 2.259516954421997,
      "MAPE_avg": 0.029356487095355988,
      "RMSE_avg": 10.711606979370117
    }
  }
}