{
  "best_epoch": 16,
  "num_params": 256453,
  "valid": {
    "MAE": 2.2564423084259033,
    "MAPE": 0.02591363899409771,
    "RMSE": 8.835689544677734
  },
  "test": {
    "MAE": 2.308621406555176,
    "MAPE": 0.029760446399450302,
    "RMSE": 10.806384086608887
  },
  "per_horizon": {
    "step_6": {
      "MAE": 2.0787642002105713,
      "MAPE": 0.02670096606016159,
      "RMSE": 7.738654613494873,
      "MAE_avg": 1.8462470769882202,
      "MAPE_avg": 0.02415343187749386,
      "RMSE_avg": 6.384145259857178
    },
    "step_9": {
      "MAE": 2.2368273735046387,
      "MAPE": 0.0286481324583292,
      "RMSE": 9.436140060424805,
      "MAE_avg": 1.960483193397522,
      "MAPE_avg": 0.025453219190239906,
      "RMSE_avg": 7.381259918212891
    },
    "step_12": {
      "MAE": 2.3609492778778076,
      "MAPE": 0.030286937952041626,
      "RMSE": 10.704548835754395,
      "MAE_avg": 2.051239252090454,
      "MAPE_avg": 0.026538031175732613,
      "RMSE_avg": 8.205482482910156
    },
    "step_24": {
      "MAE": 2.6972310543060303,
      "MAPE": 0.03465892747044563,
      "RMSE": 14.482179641723633,
      "MAE_avg": 2.308621406555176,
      "MAPE_avg": 0.029760446399450302,
      "RMSE_avg": 10.806384086608887
    }
  }
}