{
  "best_epoch": 15,
  "num_params": 349185,
  "valid": {
    "MAE": 2.251999616622925,
    "MAPE": 0.02592560090124607,
    "RMSE": 8.77041244506836
  },
  "test": {
    "MAE": 2.2785191535949707,
    "MAPE": 0.029776476323604584,
    "RMSE": 10.547889709472656
  },
  "per_horizon": {
    "step_6": {
      "MAE": 2.066432476043701,
      "MAPE": 0.026810379698872566,
      "RMSE": 7.561379909515381,
      "MAE_avg": 1.8203558921813965,
      "MAPE_avg": 0.023995954543352127,
      "RMSE_avg": 6.183145046234131
    },
    "step_9": {
      "MAE": 2.2272684574127197,
      "MAPE": 0.02895682118833065,
      "RMSE": 9.288994789123535,
      "MAE_avg": 1.93975830078125,
      "MAPE_avg": 0.02542438730597496,
      "RMSE_avg": 7.2055439949035645
    },
    "step_12": {
      "MAE": 2.334146499633789,
      "MAPE": 0.030527442693710327,
      "RMSE": 10.435818672180176,
      "MAE_avg": 2.0303924083709717,
      "MAPE_avg": 0.0265765693038702,
      "RMSE_avg": 8.012075424194336
    },
    "step_24": {
      "MAE": 2.6642508506774902,
      "MAPE": 0.03464486822485924,
      "RMSE": 14.077082633972168,
      "MAE_avg": 2.2785191535949707,
      "MAPE_avg": 0.029776476323604584,
      "RMSE_avg": 10.547889709472656
    }
  }
}