{
  "best_epoch": 10,
  "num_params": 392320,
  "valid": {
    "MAE": 2.2588608264923096,
    "MAPE": 0.02615954726934433,
    "RMSE": 8.704773902893066
  },
  "test": {
    "MAE": 2.3017098903656006,
    "MAPE": 0.030064135789871216,
    "RMSE": 10.501045227050781
  },
  "per_horizon": {
    "step_6": {
      "MAE": 2.1093297004699707,
      "MAPE": 0.02740153856575489,
      "RMSE": 7.5879716873168945,
      "MAE_avg": 1.838610053062439,
      "MAPE_avg": 0.024311210960149765,
      "RMSE_avg": 6.1995344161987305
    },
    "step_9": {
      "MAE": 2.2664129734039307,
      "MAPE": 0.02952934242784977,
      "RMSE": 9.341245651245117,
      "MAE_avg": 1.964866042137146,
      "MAPE_avg": 0.025834502652287483,
      "RMSE_avg": 7.234027862548828
    },
    "step_12": {
      "MAE": 2.371107578277588,
      "MAPE": 0.03083760477602482,
      "RMSE": 10.3101806640625,
      "MAE_avg": 2.0586416721343994,
      "MAPE_avg": 0.026991287246346474,
      "RMSE_avg": 8.01624584197998
    },
    "step_24": {
      "MAE": 2.7069828510284424,
      "MAPE": 0.03531491011381149,
      "RMSE": 14.160370826721191,
      "MAE_avg": 2.3017098903656006,
      "MAPE_avg": 0.030064135789871216,
      "RMSE_avg": 10.501045227050781
    }
  }
}