{
  "best_epoch": 12,
  "num_params": 342080,
  "valid": {
    "MAE": 2.264733076095581,
    "MAPE": 0.026063863188028336,
    "RMSE": 8.692764282226562
  },
  "test": {
    "MAE": 2.266104221343994,
    "MAPE": 0.02968955971300602,
    "RMSE": 10.717219352722168
  },
  "per_horizon": {
    "step_6": {
      "MAE": 2.0683908462524414,
      "MAPE": 0.026868093758821487,
      "RMSE": 7.736634731292725,
      "MAE_avg": 1.8338103294372559,
      "MAPE_avg": 0.02413906157016754,
      "RMSE_avg": 6.362022876739502
    },
    "step_9": {
      "MAE": 2.1755428314208984,
      "MAPE": 0.028340797871351242,
      "RMSE": 9.338112831115723,
      "MAE_avg": 1.9379230737686157,
      "MAPE_avg": 0.025402536615729332,
      "RMSE_avg": 7.330825328826904
    },
    "step_12": {
      "MAE": 2.259226083755493,
      "MAPE": 0.029502572491765022,
      "RMSE": 10.377717971801758,
      "MAE_avg": 2.011767625808716,
      "MAPE_avg": 0.0263304952532053,
      "RMSE_avg": 8.0883150100708
    },
    "step_24": {
      "MAE": 2.7053143978118896,
      "MAPE": 0.03538899123668671,
      "RMSE": 14.599336624145508,
      "MAE_avg": 2.266104221343994,
      "MAPE_avg": 0.02968955971300602,
      "RMSE_avg": 10.717219352722168
    }
  }
}