{
  "best_epoch": 9,
  "num_params": 349025,
  "valid": {
    "MAE": 2.2572624683380127,
    "MAPE": 0.02603633515536785,
    "RMSE": 8.788788795471191
  },
  "test": {
    "MAE": 2.301410675048828,
    "MAPE": 0.030004413798451424,
    "RMSE": 10.692182540893555
  },
  "per_horizon": {
    "step_6": {
      "MAE": 2.089118719100952,
      "MAPE": 0.027019668370485306,
      "RMSE": 7.720147132873535,
      "MAE_avg": 1.8396824598312378,
      "MAPE_avg": 0.02417154237627983,
      "RMSE_avg": 6.326613426208496
    },
    "step_9": {
      "MAE": 2.237046957015991,
      "MAPE": 0.02897355891764164,
      "RMSE": 9.327254295349121,
      "MAE_avg": 1.9572967290878296,
      "MAPE_avg": 0.025556832551956177,
      "RMSE_avg": 7.304450511932373
    },
    "step_12": {
      "MAE": 2.3441872596740723,
      "MAPE": 0.030477896332740784,
      "RMSE": 10.411798477172852,
      "MAE_avg": 2.0462419986724854,
      "MAPE_avg": 0.026680268347263336,
      "RMSE_avg": 8.093225479125977
    },
    "step_24": {
      "MAE": 2.71881103515625,
      "MAPE": 0.03539937734603882,
      "RMSE": 14.55103588104248,
      "MAE_avg": 2.301410675048828,
      "MAPE_avg": 0.030004413798451424,
      "RMSE_avg": 10.692182540893555
    }
  }
}