{
  "best_epoch": 16,
  "num_params": 342913,
  "valid": {
    "MAE": 2.237546682357788,
    "MAPE": 0.025895075872540474,
    "RMSE": 8.65173053741455
  },
  "test": {
    "MAE": 2.2600324153900146,
    "MAPE": 0.02919640950858593,
    "RMSE": 10.798048973083496
  },
  "per_horizon": {
    "step_6": {
      "MAE": 2.040691375732422,
      "MAPE": 0.026083992794156075,
      "RMSE": 7.686445236206055,
      "MAE_avg": 1.8098411560058594,
      "MAPE_avg": 0.023641102015972137,
      "RMSE_avg": 6.331701278686523
    },
    "step_9": {
      "MAE": 2.178525447845459,
      "MAPE": 0.027936900034546852,
      "RMSE": 9.30441665649414,
      "MAE_avg": 1.9215576648712158,
      "MAPE_avg": 0.024913089349865913,
      "RMSE_avg": 7.30891227722168
    },
    "step_12": {
      "MAE": 2.276289939880371,
      "MAPE": 0.02934911660850048,
      "RMSE": 10.501623153686523,
      "MAE_avg": 2.002605676651001,
      "MAPE_avg": 0.025906726717948914,
      "RMSE_avg": 8.097408294677734
    },
    "step_24": {
      "MAE": 2.6900341510772705,
      "MAPE": 0.03465455025434494,
      "RMSE": 14.49766731262207,
      "MAE_avg": 2.2600324153900146,
      "MAPE_avg": 0.02919640950858593,
      "RMSE_avg": 10.798048973083496
    }
  }
}