{
  "best_epoch": 6,
  "num_params": 350035,
  "valid": {
    "MAE": 2.298429489135742,
    "MAPE": 0.026162680238485336,
    "RMSE": 9.759347915649414
  },
  "test": {
    "MAE": 2.4087705612182617,
    "MAPE": 0.031548041850328445,
    "RMSE": 11.409048080444336
  },
  "per_horizon": {
    "step_6": {
      "MAE": 2.224473714828491,
      "MAPE": 0.029295139014720917,
      "RMSE": 8.593659400939941,
      "MAE_avg": 2.106943130493164,
      "MAPE_avg": 0.027722246944904327,
      "RMSE_avg": 7.715823650360107
    },
    "step_9": {
      "MAE": 2.326972007751465,
      "MAPE": 0.03050258569419384,
      "RMSE": 10.013083457946777,
      "MAE_avg": 2.168283462524414,
      "MAPE_avg": 0.028499580919742584,
      "RMSE_avg": 8.413586616516113
    },
    "step_12": {
      "MAE": 2.4075934886932373,
      "MAPE": 0.0315924771130085,
      "RMSE": 11.092615127563477,
      "MAE_avg": 2.2225894927978516,
      "MAPE_avg": 0.029188966378569603,
      "RMSE_avg": 9.04785442352295
    },
    "step_24": {
      "MAE": 2.7364044189453125,
      "MAPE": 0.03546858951449394,
      "RMSE": 15.253034591674805,
      "MAE_avg": 2.4087705612182617,
      "MAPE_avg": 0.031548041850328445,
      "RMSE_avg": 11.409048080444336
    }
  }
}