{
  "best_epoch": 9,
  "num_params": 349025,
  "valid": {
    "MAE": 2.261823892593384,
    "MAPE": 0.026064489036798477,
    "RMSE": 8.814403533935547
  },
  "test": {
    "MAE": 2.299025297164917,
    "MAPE": 0.02994583547115326,
    "RMSE": 10.664469718933105
  },
  "per_horizon": {
    "step_6": {
      "MAE": 2.080808162689209,
      "MAPE": 0.026848772540688515,
      "RMSE": 7.667250633239746,
      "MAE_avg": 1.8287516832351685,
      "MAPE_avg": 0.02399149164557457,
      "RMSE_avg": 6.261767864227295
    },
    "step_9": {
      "MAE": 2.245234727859497,
      "MAPE": 0.029127757996320724,
      "RMSE": 9.331945419311523,
      "MAE_avg": 1.9496511220932007,
      "MAPE_avg": 0.025434356182813644,
      "RMSE_avg": 7.262789249420166
    },
    "step_12": {
      "MAE": 2.3443400859832764,
      "MAPE": 0.03043839894235134,
      "RMSE": 10.384384155273438,
      "MAE_avg": 2.040166139602661,
      "MAPE_avg": 0.02657872624695301,
      "RMSE_avg": 8.054413795471191
    },
    "step_24": {
      "MAE": 2.726911783218384,
      "MAPE": 0.03546803817152977,
      "RMSE": 14.563557624816895,
      "MAE_avg": 2.299025297164917,
      "MAPE_avg": 0.02994583547115326,
      "RMSE_avg": 10.664469718933105
    }
  }
}