{
  "best_epoch": 6,
  "num_params": 343679,
  "valid": {
    "MAE": 2.2957510948181152,
    "MAPE": 0.02615150809288025,
    "RMSE": 9.785421371459961
  },
  "test": {
    "MAE": 2.4071295261383057,
    "MAPE": 0.03147832304239273,
    "RMSE": 11.447405815124512
  },
  "per_horizon": {
    "step_6": {
      "MAE": 2.2135696411132812,
      "MAPE": 0.028988702222704887,
      "RMSE": 8.585289001464844,
      "MAE_avg": 2.086542844772339,
      "MAPE_avg": 0.02735517919063568,
      "RMSE_avg": 7.708252429962158
    },
    "step_9": {
      "MAE": 2.3260624408721924,
      "MAPE": 0.0303632989525795,
      "RMSE": 9.993590354919434,
      "MAE_avg": 2.1542205810546875,
      "MAPE_avg": 0.028208574280142784,
      "RMSE_avg": 8.400595664978027
    },
    "step_12": {
      "MAE": 2.4062063694000244,
      "MAPE": 0.031438883394002914,
      "RMSE": 11.038973808288574,
      "MAE_avg": 2.2121481895446777,
      "MAPE_avg": 0.028948625549674034,
      "RMSE_avg": 9.036622047424316
    },
    "step_24": {
      "MAE": 2.7564258575439453,
      "MAPE": 0.035844527184963226,
      "RMSE": 15.312186241149902,
      "MAE_avg": 2.4071295261383057,
      "MAPE_avg": 0.03147832304239273,
      "RMSE_avg": 11.447405815124512
    }
  }
}