{
  "best_epoch": 19,
  "num_params": 349185,
  "valid": {
    "MAE": 2.268092393875122,
    "MAPE": 0.026020729914307594,
    "RMSE": 8.825020790100098
  },
  "test": {
    "MAE": 2.283684253692627,
    "MAPE": 0.029192114248871803,
    "RMSE": 10.632242202758789
  },
  "per_horizon": {
    "step_6": {
      "MAE": 2.0877177715301514,
      "MAPE": 0.026330482214689255,
      "RMSE": 7.861438751220703,
      "MAE_avg": 1.8432236909866333,
      "MAPE_avg": 0.023858636617660522,
      "RMSE_avg": 6.413139343261719
    },
    "step_9": {
      "MAE": 2.244070529937744,
      "MAPE": 0.028392130509018898,
      "RMSE": 9.477472305297852,
      "MAE_avg": 1.961092233657837,
      "MAPE_avg": 0.025154389441013336,
      "RMSE_avg": 7.418842792510986
    },
    "step_12": {
      "MAE": 2.3135969638824463,
      "MAPE": 0.029475199058651924,
      "RMSE": 10.454668998718262,
      "MAE_avg": 2.0436275005340576,
      "MAPE_avg": 0.02615552768111229,
      "RMSE_avg": 8.183523178100586
    },
    "step_24": {
      "MAE": 2.6562647819519043,
      "MAPE": 0.03391728550195694,
      "RMSE": 14.304060935974121,
      "MAE_avg": 2.283684253692627,
      "MAPE_avg": 0.029192114248871803,
      "RMSE_avg": 10.632242202758789
    }
  }
}