{
  "best_epoch": 9,
  "num_params": 355487,
  "valid": {
    "MAE": 2.25070858001709,
    "MAPE": 0.02582653984427452,
    "RMSE": 9.014653205871582
  },
  "test": {
    "MAE": 2.3216567039489746,
    "MAPE": 0.030360091477632523,
    "RMSE": 10.77680492401123
  },
  "per_horizon": {
    "step_6": {
      "MAE": 2.092798948287964,
      "MAPE": 0.027181578800082207,
      "RMSE": 7.786770820617676,
      "MAE_avg": 1.8452225923538208,
      "MAPE_avg": 0.024311263114213943,
      "RMSE_avg": 6.406421661376953
    },
    "step_9": {
      "MAE": 2.2561938762664795,
      "MAPE": 0.029278751462697983,
      "RMSE": 9.408232688903809,
      "MAE_avg": 1.9659457206726074,
      "MAPE_avg": 0.02574782446026802,
      "RMSE_avg": 7.379897594451904
    },
    "step_12": {
      "MAE": 2.3712058067321777,
      "MAPE": 0.030859967693686485,
      "RMSE": 10.486580848693848,
      "MAE_avg": 2.0569941997528076,
      "MAPE_avg": 0.026892757043242455,
      "RMSE_avg": 8.164527893066406
    },
    "step_24": {
      "MAE": 2.759326934814453,
      "MAPE": 0.03604744374752045,
      "RMSE": 14.586906433105469,
      "MAE_avg": 2.3216567039489746,
      "MAPE_avg": 0.030360091477632523,
      "RMSE_avg": 10.77680492401123
    }
  }
}