{
  "best_epoch": 9,
  "num_params": 393153,
  "valid": {
    "MAE": 2.238128423690796,
    "MAPE": 0.025843629613518715,
    "RMSE": 8.806488990783691
  },
  "test": {
    "MAE": 2.3095946311950684,
    "MAPE": 0.029836507514119148,
    "RMSE": 10.728878021240234
  },
  "per_horizon": {
    "step_6": {
      "MAE": 2.083442449569702,
      "MAPE": 0.02678627148270607,
      "RMSE": 7.696223258972168,
      "MAE_avg": 1.840574860572815,
      "MAPE_avg": 0.02414693869650364,
      "RMSE_avg": 6.302008152008057
    },
    "step_9": {
      "MAE": 2.2501513957977295,
      "MAPE": 0.02892274037003517,
      "RMSE": 9.385753631591797,
      "MAE_avg": 1.961506724357605,
      "MAPE_avg": 0.02551797777414322,
      "RMSE_avg": 7.313523769378662
    },
    "step_12": {
      "MAE": 2.365734577178955,
      "MAPE": 0.030474966391921043,
      "RMSE": 10.47075366973877,
      "MAE_avg": 2.0511653423309326,
      "MAPE_avg": 0.026614049449563026,
      "RMSE_avg": 8.108450889587402
    },
    "step_24": {
      "MAE": 2.721266031265259,
      "MAPE": 0.03495955094695091,
      "RMSE": 14.570180892944336,
      "MAE_avg": 2.3095946311950684,
      "MAPE_avg": 0.029836507514119148,
      "RMSE_avg": 10.728878021240234
    }
  }
}