{
  "best_epoch": 10,
  "num_params": 348352,
  "valid": {
    "MAE": 2.2551395893096924,
    "MAPE": 0.025982089340686798,
    "RMSE": 8.851160049438477
  },
  "test": {
    "MAE": 2.313502073287964,
    "MAPE": 0.030235910788178444,
    "RMSE": 10.766464233398438
  },
  "per_horizon": {
    "step_6": {
      "MAE": 2.0767030715942383,
      "MAPE": 0.026851624250411987,
      "RMSE": 7.6773905754089355,
      "MAE_avg": 1.8312385082244873,
      "MAPE_avg": 0.024096012115478516,
      "RMSE_avg": 6.30357551574707
    },
    "step_9": {
      "MAE": 2.2599587440490723,
      "MAPE": 0.02943716011941433,
      "RMSE": 9.515250205993652,
      "MAE_avg": 1.9554789066314697,
      "MAPE_avg": 0.025609474629163742,
      "RMSE_avg": 7.353132724761963
    },
    "step_12": {
      "MAE": 2.378329038619995,
      "MAPE": 0.03106842376291752,
      "RMSE": 10.578173637390137,
      "MAE_avg": 2.0508875846862793,
      "MAPE_avg": 0.02683078497648239,
      "RMSE_avg": 8.169257164001465
    },
    "step_24": {
      "MAE": 2.7642297744750977,
      "MAPE": 0.036044519394636154,
      "RMSE": 14.660860061645508,
      "MAE_avg": 2.313502073287964,
      "MAPE_avg": 0.030235910788178444,
      "RMSE_avg": 10.766464233398438
    }
  }
}