{
  "best_epoch": 30,
  "num_params": 337279,
  "valid": {
    "MAE": 2.3194658756256104,
    "MAPE": 0.02636263333261013,
    "RMSE": 10.239387512207031
  },
  "test": {
    "MAE": 2.3963146209716797,
    "MAPE": 0.031179135665297508,
    "RMSE": 11.737552642822266
  },
  "per_horizon": {
    "step_6": {
      "MAE": 2.2106564044952393,
      "MAPE": 0.028800515457987785,
      "RMSE": 9.195430755615234,
      "MAE_avg": 2.0835747718811035,
      "MAPE_avg": 0.0272834450006485,
      "RMSE_avg": 8.19189739227295
    },
    "step_9": {
      "MAE": 2.301476240158081,
      "MAPE": 0.02993585541844368,
      "RMSE": 10.426614761352539,
      "MAE_avg": 2.147087812423706,
      "MAPE_avg": 0.028069468215107918,
      "RMSE_avg": 8.9002103805542
    },
    "step_12": {
      "MAE": 2.4097182750701904,
      "MAPE": 0.03133559972047806,
      "RMSE": 11.558123588562012,
      "MAE_avg": 2.205268383026123,
      "MAPE_avg": 0.028785765171051025,
      "RMSE_avg": 9.536761283874512
    },
    "step_24": {
      "MAE": 2.747023344039917,
      "MAPE": 0.03549250215291977,
      "RMSE": 15.245993614196777,
      "MAE_avg": 2.3963146209716797,
      "MAPE_avg": 0.031179135665297508,
      "RMSE_avg": 11.737552642822266
    }
  }
}