{
  "best_epoch": 19,
  "num_params": 349185,
  "valid": {
    "MAE": 2.2679736614227295,
    "MAPE": 0.02602682262659073,
    "RMSE": 8.821537017822266
  },
  "test": {
    "MAE": 2.2828900814056396,
    "MAPE": 0.029187075793743134,
    "RMSE": 10.632135391235352
  },
  "per_horizon": {
    "step_6": {
      "MAE": 2.085780620574951,
      "MAPE": 0.026326609775424004,
      "RMSE": 7.865243434906006,
      "MAE_avg": 1.844332218170166,
      "MAPE_avg": 0.023884115740656853,
      "RMSE_avg": 6.415700435638428
    },
    "step_9": {
      "MAE": 2.244769334793091,
      "MAPE": 0.02839752845466137,
      "RMSE": 9.465839385986328,
      "MAE_avg": 1.9612716436386108,
      "MAPE_avg": 0.025164365768432617,
      "RMSE_avg": 7.41704797744751
    },
    "step_12": {
      "MAE": 2.3129303455352783,
      "MAPE": 0.029454248026013374,
      "RMSE": 10.450323104858398,
      "MAE_avg": 2.0432286262512207,
      "MAPE_avg": 0.026156218722462654,
      "RMSE_avg": 8.180142402648926
    },
    "step_24": {
      "MAE": 2.6548118591308594,
      "MAPE": 0.03391040489077568,
      "RMSE": 14.305888175964355,
      "MAE_avg": 2.2828900814056396,
      "MAPE_avg": 0.029187075793743134,
      "RMSE_avg": 10.632135391235352
    }
  }
}