{
  "best_epoch": 9,
  "num_params": 355327,
  "valid": {
    "MAE": 2.2485554218292236,
    "MAPE": 0.025821730494499207,
    "RMSE": 9.01171875
  },
  "test": {
    "MAE": 2.3146471977233887,
    "MAPE": 0.030239952728152275,
    "RMSE": 10.881121635437012
  },
  "per_horizon": {
    "step_6": {
      "MAE": 2.0898492336273193,
      "MAPE": 0.02716299332678318,
      "RMSE": 7.930251121520996,
      "MAE_avg": 1.845117449760437,
      "MAPE_avg": 0.024328764528036118,
      "RMSE_avg": 6.5209174156188965
    },
    "step_9": {
      "MAE": 2.2398438453674316,
      "MAPE": 0.029157528653740883,
      "RMSE": 9.49087142944336,
      "MAE_avg": 1.960207462310791,
      "MAPE_avg": 0.02570382133126259,
      "RMSE_avg": 7.4749755859375
    },
    "step_12": {
      "MAE": 2.357309103012085,
      "MAPE": 0.03072490729391575,
      "RMSE": 10.58203411102295,
      "MAE_avg": 2.0487706661224365,
      "MAPE_avg": 0.026821685954928398,
      "RMSE_avg": 8.255704879760742
    },
    "step_24": {
      "MAE": 2.74932599067688,
      "MAPE": 0.03573501855134964,
      "RMSE": 14.781021118164062,
      "MAE_avg": 2.3146471977233887,
      "MAPE_avg": 0.030239952728152275,
      "RMSE_avg": 10.881121635437012
    }
  }
}