{
  "best_epoch": 6,
  "num_params": 343551,
  "valid": {
    "MAE": 2.3035590648651123,
    "MAPE": 0.026277761906385422,
    "RMSE": 9.796961784362793
  },
  "test": {
    "MAE": 2.4087207317352295,
    "MAPE": 0.03160920366644859,
    "RMSE": 11.440884590148926
  },
  "per_horizon": {
    "step_6": {
      "MAE": 2.220623731613159,
      "MAPE": 0.029293254017829895,
      "RMSE": 8.623730659484863,
      "MAE_avg": 2.1060004234313965,
      "MAPE_avg": 0.027797386050224304,
      "RMSE_avg": 7.782172203063965
    },
    "step_9": {
      "MAE": 2.3228843212127686,
      "MAPE": 0.03047482669353485,
      "RMSE": 10.037004470825195,
      "MAE_avg": 2.1660337448120117,
      "MAPE_avg": 0.0285421721637249,
      "RMSE_avg": 8.466550827026367
    },
    "step_12": {
      "MAE": 2.4081592559814453,
      "MAPE": 0.031578175723552704,
      "RMSE": 11.082601547241211,
      "MAE_avg": 2.2207000255584717,
      "MAPE_avg": 0.02922484092414379,
      "RMSE_avg": 9.092774391174316
    },
    "step_24": {
      "MAE": 2.7364211082458496,
      "MAPE": 0.03553503006696701,
      "RMSE": 15.281641006469727,
      "MAE_avg": 2.4087207317352295,
      "MAPE_avg": 0.03160920366644859,
      "RMSE_avg": 11.440884590148926
    }
  }
}