{
  "best_epoch": 15,
  "num_params": 349185,
  "valid": {
    "MAE": 2.2534525394439697,
    "MAPE": 0.025981208309531212,
    "RMSE": 8.834782600402832
  },
  "test": {
    "MAE": 2.285911798477173,
    "MAPE": 0.029952397570014,
    "RMSE": 10.5590181350708
  },
  "per_horizon": {
    "step_6": {
      "MAE": 2.0745322704315186,
      "MAPE": 0.026994554325938225,
      "RMSE": 7.591196537017822,
      "MAE_avg": 1.83527410030365,
      "MAPE_avg": 0.02430662140250206,
      "RMSE_avg": 6.24014949798584
    },
    "step_9": {
      "MAE": 2.2327017784118652,
      "MAPE": 0.029058773070573807,
      "RMSE": 9.314565658569336,
      "MAE_avg": 1.9517298936843872,
      "MAPE_avg": 0.025679126381874084,
      "RMSE_avg": 7.253201484680176
    },
    "step_12": {
      "MAE": 2.3381569385528564,
      "MAPE": 0.030642069876194,
      "RMSE": 10.440632820129395,
      "MAE_avg": 2.04121470451355,
      "MAPE_avg": 0.026805182918906212,
      "RMSE_avg": 8.049860000610352
    },
    "step_24": {
      "MAE": 2.670433521270752,
      "MAPE": 0.034742627292871475,
      "RMSE": 14.087631225585938,
      "MAE_avg": 2.285911798477173,
      "MAPE_avg": 0.029952397570014,
      "RMSE_avg": 10.5590181350708
    }
  }
}