{
  "best_epoch": 22,
  "num_params": 356250,
  "valid": {
    "MAE": 2.240781307220459,
    "MAPE": 0.025716356933116913,
    "RMSE": 8.758625030517578
  },
  "test": {
    "MAE": 2.2716546058654785,
    "MAPE": 0.029467279091477394,
    "RMSE": 10.460237503051758
  },
  "per_horizon": {
    "step_6": {
      "MAE": 2.0564396381378174,
      "MAPE": 0.026624562218785286,
      "RMSE": 7.520841598510742,
      "MAE_avg": 1.8168244361877441,
      "MAPE_avg": 0.023872075602412224,
      "RMSE_avg": 6.143441677093506
    },
    "step_9": {
      "MAE": 2.2051007747650146,
      "MAPE": 0.028481921181082726,
      "RMSE": 9.26068115234375,
      "MAE_avg": 1.93135404586792,
      "MAPE_avg": 0.025211447849869728,
      "RMSE_avg": 7.166685104370117
    },
    "step_12": {
      "MAE": 2.309872627258301,
      "MAPE": 0.029922274872660637,
      "RMSE": 10.32785415649414,
      "MAE_avg": 2.018933057785034,
      "MAPE_avg": 0.02628898434340954,
      "RMSE_avg": 7.964951992034912
    },
    "step_24": {
      "MAE": 2.6905720233917236,
      "MAPE": 0.03475921228528023,
      "RMSE": 14.148340225219727,
      "MAE_avg": 2.2716546058654785,
      "MAPE_avg": 0.029467279091477394,
      "RMSE_avg": 10.460237503051758
    }
  }
}