{
  "best_epoch": 19,
  "num_params": 342913,
  "valid": {
    "MAE": 2.2290215492248535,
    "MAPE": 0.025714032351970673,
    "RMSE": 8.702681541442871
  },
  "test": {
    "MAE": 2.2475931644439697,
    "MAPE": 0.02902727760374546,
    "RMSE": 10.696651458740234
  },
  "per_horizon": {
    "step_6": {
      "MAE": 2.035107374191284,
      "MAPE": 0.02597639337182045,
      "RMSE": 7.626051902770996,
      "MAE_avg": 1.7884882688522339,
      "MAPE_avg": 0.02326887659728527,
      "RMSE_avg": 6.248786926269531
    },
    "step_9": {
      "MAE": 2.1800105571746826,
      "MAPE": 0.027942363172769547,
      "RMSE": 9.312058448791504,
      "MAE_avg": 1.9058890342712402,
      "MAPE_avg": 0.02462909184396267,
      "RMSE_avg": 7.247036457061768
    },
    "step_12": {
      "MAE": 2.279284715652466,
      "MAPE": 0.029441582038998604,
      "RMSE": 10.510825157165527,
      "MAE_avg": 1.9913889169692993,
      "MAPE_avg": 0.025714777410030365,
      "RMSE_avg": 8.065505981445312
    },
    "step_24": {
      "MAE": 2.68861985206604,
      "MAPE": 0.03476531058549881,
      "RMSE": 14.48520278930664,
      "MAE_avg": 2.2475931644439697,
      "MAPE_avg": 0.02902727760374546,
      "RMSE_avg": 10.696651458740234
    }
  }
}