{
  "best_epoch": 19,
  "num_params": 349185,
  "valid": {
    "MAE": 2.2702691555023193,
    "MAPE": 0.026041880249977112,
    "RMSE": 8.820028305053711
  },
  "test": {
    "MAE": 2.2878706455230713,
    "MAPE": 0.0292365700006485,
    "RMSE": 10.613234519958496
  },
  "per_horizon": {
    "step_6": {
      "MAE": 2.091400384902954,
      "MAPE": 0.026380065828561783,
      "RMSE": 7.860912322998047,
      "MAE_avg": 1.8488924503326416,
      "MAPE_avg": 0.023930547758936882,
      "RMSE_avg": 6.415219783782959
    },
    "step_9": {
      "MAE": 2.2515487670898438,
      "MAPE": 0.028480300679802895,
      "RMSE": 9.454436302185059,
      "MAE_avg": 1.9666377305984497,
      "MAPE_avg": 0.025223609060049057,
      "RMSE_avg": 7.411489486694336
    },
    "step_12": {
      "MAE": 2.319500207901001,
      "MAPE": 0.029525453224778175,
      "RMSE": 10.423264503479004,
      "MAE_avg": 2.0492165088653564,
      "MAPE_avg": 0.026223205029964447,
      "RMSE_avg": 8.169035911560059
    },
    "step_24": {
      "MAE": 2.657031297683716,
      "MAPE": 0.03391776978969574,
      "RMSE": 14.284662246704102,
      "MAE_avg": 2.2878706455230713,
      "MAPE_avg": 0.0292365700006485,
      "RMSE_avg": 10.613234519958496
    }
  }
}