{
  "best_epoch": 19,
  "num_params": 349185,
  "valid": {
    "MAE": 2.2609620094299316,
    "MAPE": 0.02606014907360077,
    "RMSE": 8.80399227142334
  },
  "test": {
    "MAE": 2.2631959915161133,
    "MAPE": 0.0290627870708704,
    "RMSE": 10.723666191101074
  },
  "per_horizon": {
    "step_6": {
      "MAE": 2.0623185634613037,
      "MAPE": 0.02615930326282978,
      "RMSE": 7.847677230834961,
      "MAE_avg": 1.8236719369888306,
      "MAPE_avg": 0.023748062551021576,
      "RMSE_avg": 6.4170026779174805
    },
    "step_9": {
      "MAE": 2.2096974849700928,
      "MAPE": 0.028077883645892143,
      "RMSE": 9.478043556213379,
      "MAE_avg": 1.9377028942108154,
      "MAPE_avg": 0.0249897763133049,
      "RMSE_avg": 7.4209065437316895
    },
    "step_12": {
      "MAE": 2.2871267795562744,
      "MAPE": 0.02925967238843441,
      "RMSE": 10.515121459960938,
      "MAE_avg": 2.0188534259796143,
      "MAPE_avg": 0.0259740948677063,
      "RMSE_avg": 8.196565628051758
    },
    "step_24": {
      "MAE": 2.6497981548309326,
      "MAPE": 0.033964235335588455,
      "RMSE": 14.419520378112793,
      "MAE_avg": 2.2631959915161133,
      "MAPE_avg": 0.0290627870708704,
      "RMSE_avg": 10.723666191101074
    }
  }
}