{
  "best_epoch": 16,
  "num_params": 342913,
  "valid": {
    "MAE": 2.2369699478149414,
    "MAPE": 0.025899481028318405,
    "RMSE": 8.654592514038086
  },
  "test": {
    "MAE": 2.2626490592956543,
    "MAPE": 0.02924032136797905,
    "RMSE": 10.803256034851074
  },
  "per_horizon": {
    "step_6": {
      "MAE": 2.0404412746429443,
      "MAPE": 0.02608589455485344,
      "RMSE": 7.6895833015441895,
      "MAE_avg": 1.8096650838851929,
      "MAPE_avg": 0.023634953424334526,
      "RMSE_avg": 6.329488277435303
    },
    "step_9": {
      "MAE": 2.1806201934814453,
      "MAPE": 0.027969950810074806,
      "RMSE": 9.320127487182617,
      "MAE_avg": 1.9219460487365723,
      "MAPE_avg": 0.024918807670474052,
      "RMSE_avg": 7.312728404998779
    },
    "step_12": {
      "MAE": 2.276559829711914,
      "MAPE": 0.02935905195772648,
      "RMSE": 10.509407043457031,
      "MAE_avg": 2.003218412399292,
      "MAPE_avg": 0.025916587561368942,
      "RMSE_avg": 8.104926109313965
    },
    "step_24": {
      "MAE": 2.6949853897094727,
      "MAPE": 0.03474079817533493,
      "RMSE": 14.495121002197266,
      "MAE_avg": 2.2626490592956543,
      "MAPE_avg": 0.02924032136797905,
      "RMSE_avg": 10.803256034851074
    }
  }
}