{
  "best_epoch": 19,
  "num_params": 349185,
  "valid": {
    "MAE": 2.2701077461242676,
    "MAPE": 0.02605539746582508,
    "RMSE": 8.824433326721191
  },
  "test": {
    "MAE": 2.2825491428375244,
    "MAPE": 0.02916966937482357,
    "RMSE": 10.623309135437012
  },
  "per_horizon": {
    "step_6": {
      "MAE": 2.0862247943878174,
      "MAPE": 0.02630496397614479,
      "RMSE": 7.874369144439697,
      "MAE_avg": 1.8439958095550537,
      "MAPE_avg": 0.023863472044467926,
      "RMSE_avg": 6.4225921630859375
    },
    "step_9": {
      "MAE": 2.243558883666992,
      "MAPE": 0.02837756648659706,
      "RMSE": 9.470168113708496,
      "MAE_avg": 1.9612020254135132,
      "MAPE_avg": 0.025149792432785034,
      "RMSE_avg": 7.423712253570557
    },
    "step_12": {
      "MAE": 2.3109965324401855,
      "MAPE": 0.029415542259812355,
      "RMSE": 10.439294815063477,
      "MAE_avg": 2.0432052612304688,
      "MAPE_avg": 0.026141352951526642,
      "RMSE_avg": 8.182884216308594
    },
    "step_24": {
      "MAE": 2.6547889709472656,
      "MAPE": 0.03389594703912735,
      "RMSE": 14.285189628601074,
      "MAE_avg": 2.2825491428375244,
      "MAPE_avg": 0.02916966937482357,
      "RMSE_avg": 10.623309135437012
    }
  }
}