{
  "best_epoch": 13,
  "num_params": 303680,
  "valid": {
    "MAE": 2.2539870738983154,
    "MAPE": 0.025956254452466965,
    "RMSE": 9.103554725646973
  },
  "test": {
    "MAE": 2.3097198009490967,
    "MAPE": 0.029827386140823364,
    "RMSE": 10.734467506408691
  },
  "per_horizon": {
    "step_6": {
      "MAE": 2.076862335205078,
      "MAPE": 0.026547158136963844,
      "RMSE": 7.646761417388916,
      "MAE_avg": 1.8275657892227173,
      "MAPE_avg": 0.02384696528315544,
      "RMSE_avg": 6.309532165527344
    },
    "step_9": {
      "MAE": 2.226015090942383,
      "MAPE": 0.028666965663433075,
      "RMSE": 9.487947463989258,
      "MAE_avg": 1.948460340499878,
      "MAPE_avg": 0.025278162211179733,
      "RMSE_avg": 7.344912052154541
    },
    "step_12": {
      "MAE": 2.3722803592681885,
      "MAPE": 0.030556686222553253,
      "RMSE": 10.554842948913574,
      "MAE_avg": 2.041149854660034,
      "MAPE_avg": 0.02642941102385521,
      "RMSE_avg": 8.151801109313965
    },
    "step_24": {
      "MAE": 2.699479103088379,
      "MAPE": 0.0347890742123127,
      "RMSE": 14.53378677368164,
      "MAE_avg": 2.3097198009490967,
      "MAPE_avg": 0.029827386140823364,
      "RMSE_avg": 10.734467506408691
    }
  }
}