{
  "best_epoch": 24,
  "num_params": 356250,
  "valid": {
    "MAE": 2.2446160316467285,
    "MAPE": 0.025741735473275185,
    "RMSE": 8.911846160888672
  },
  "test": {
    "MAE": 2.2806100845336914,
    "MAPE": 0.029613155871629715,
    "RMSE": 10.489533424377441
  },
  "per_horizon": {
    "step_6": {
      "MAE": 2.0670528411865234,
      "MAPE": 0.026851030066609383,
      "RMSE": 7.585073947906494,
      "MAE_avg": 1.8227386474609375,
      "MAPE_avg": 0.02407154068350792,
      "RMSE_avg": 6.201592445373535
    },
    "step_9": {
      "MAE": 2.225430965423584,
      "MAPE": 0.028686542063951492,
      "RMSE": 9.329052925109863,
      "MAE_avg": 1.9403806924819946,
      "MAPE_avg": 0.025404518470168114,
      "RMSE_avg": 7.221869468688965
    },
    "step_12": {
      "MAE": 2.3296637535095215,
      "MAPE": 0.030128519982099533,
      "RMSE": 10.404430389404297,
      "MAE_avg": 2.030043363571167,
      "MAPE_avg": 0.02648373320698738,
      "RMSE_avg": 8.022693634033203
    },
    "step_24": {
      "MAE": 2.6906702518463135,
      "MAPE": 0.03474537283182144,
      "RMSE": 13.949929237365723,
      "MAE_avg": 2.2806100845336914,
      "MAPE_avg": 0.029613155871629715,
      "RMSE_avg": 10.489533424377441
    }
  }
}