run_id,dataset,model_des,hidden,temp_layers,spat_layers,batch_size,dropout,ffn_ratio,spatial_heads,num_params,best_epoch,valid_MAE,valid_RMSE,test_MAE,test_RMSE,test_MAPE,step_6_MAE,step_9_MAE,step_12_MAE,step_24_MAE
p1_baseline_20260324-140032,1D-data,p1_baseline,32,3,2,8,0.1,4,4,392320,10,2.2547619342803955,8.907754898071289,2.323134183883667,10.980588912963867,0.030130991712212563,2.106980085372925,2.282519578933716,2.3786447048187256,2.7342703342437744
p1_h64_20260324-140032,1D-data,p1_h64,64,3,2,8,0.1,4,4,968560,15,2.252811908721924,8.838343620300293,2.3340883255004883,11.009561538696289,0.03039068542420864,2.104961395263672,2.283015012741089,2.373530626296997,2.7128307819366455
