run_id,dataset,model_des,hidden,temp_layers,spat_layers,batch_size,dropout,ffn_ratio,spatial_heads,num_params,best_epoch,valid_MAE,valid_RMSE,test_MAE,test_RMSE,test_MAPE,step_6_MAE,step_9_MAE,step_12_MAE,step_24_MAE
i1_log_20260324-155705,1D-data,i1_log,32,3,2,8,0.1,4,4,392320,3,2.24352765083313,8.874116897583008,2.289269208908081,10.540606498718262,0.02991006337106228,2.0677378177642822,2.198223352432251,2.301846742630005,2.7222959995269775
i1_res_20260324-152547,1D-data,i1_res,32,3,2,8,0.1,4,4,392320,10,2.2588608264923096,8.704773902893066,2.3017098903656006,10.501045227050781,0.030064135789871216,2.1093297004699707,2.2664129734039307,2.371107578277588,2.7069828510284424
i1_res_20260324-155705,1D-data,i1_res,32,3,2,8,0.1,4,4,392320,10,2.255478858947754,8.709956169128418,2.306126117706299,10.511177062988281,0.030131198465824127,2.1101882457733154,2.2735602855682373,2.374208450317383,2.7148358821868896
i1_log_res_20260324-155705,1D-data,i1_log_res,32,3,2,8,0.1,4,4,392320,10,2.2441623210906982,8.67819881439209,2.3089208602905273,10.46863079071045,0.030081136152148247,2.106708526611328,2.2692270278930664,2.367845058441162,2.725370168685913
p1_baseline_20260324-140032,1D-data,p1_baseline,32,3,2,8,0.1,4,4,392320,10,2.2547619342803955,8.907754898071289,2.323134183883667,10.980588912963867,0.030130991712212563,2.106980085372925,2.282519578933716,2.3786447048187256,2.7342703342437744
p1_h64_20260324-140032,1D-data,p1_h64,64,3,2,8,0.1,4,4,968560,15,2.252811908721924,8.838343620300293,2.3340883255004883,11.009561538696289,0.03039068542420864,2.104961395263672,2.283015012741089,2.373530626296997,2.7128307819366455
i1_log_20260324-152547,1D-data,i1_log,32,3,2,8,0.1,4,4,392320,1,84.17447662353516,185.4320831298828,81.11735534667969,179.68934631347656,0.865157961845398,81.1883544921875,81.16157531738281,81.117431640625,80.92765045166016
i1_log_res_20260324-152547,1D-data,i1_log_res,32,3,2,8,0.1,4,4,392320,1,84.17447662353516,185.4320831298828,81.11735534667969,179.68934631347656,0.8651579022407532,81.18836975097656,81.16158294677734,81.117431640625,80.92766571044922
