{
  "best_epoch": 22,
  "num_params": 356250,
  "valid": {
    "MAE": 2.2410426139831543,
    "MAPE": 0.025720281526446342,
    "RMSE": 8.763136863708496
  },
  "test": {
    "MAE": 2.2720723152160645,
    "MAPE": 0.02947649173438549,
    "RMSE": 10.462923049926758
  },
  "per_horizon": {
    "step_6": {
      "MAE": 2.0573477745056152,
      "MAPE": 0.026644036173820496,
      "RMSE": 7.521732807159424,
      "MAE_avg": 1.8172340393066406,
      "MAPE_avg": 0.023880479857325554,
      "RMSE_avg": 6.142721176147461
    },
    "step_9": {
      "MAE": 2.2060420513153076,
      "MAPE": 0.02849668078124523,
      "RMSE": 9.259418487548828,
      "MAE_avg": 1.9320284128189087,
      "MAPE_avg": 0.025223664939403534,
      "RMSE_avg": 7.165829181671143
    },
    "step_12": {
      "MAE": 2.3111612796783447,
      "MAPE": 0.02994231879711151,
      "RMSE": 10.328558921813965,
      "MAE_avg": 2.0197606086730957,
      "MAPE_avg": 0.026303347200155258,
      "RMSE_avg": 7.964784145355225
    },
    "step_24": {
      "MAE": 2.6902172565460205,
      "MAPE": 0.03475530445575714,
      "RMSE": 14.15494441986084,
      "MAE_avg": 2.2720723152160645,
      "MAPE_avg": 0.02947649173438549,
      "RMSE_avg": 10.462923049926758
    }
  }
}