{
  "best_epoch": 10,
  "num_params": 349185,
  "valid": {
    "MAE": 2.2470386028289795,
    "MAPE": 0.02586478181183338,
    "RMSE": 8.827129364013672
  },
  "test": {
    "MAE": 2.2783308029174805,
    "MAPE": 0.029842305928468704,
    "RMSE": 10.587607383728027
  },
  "per_horizon": {
    "step_6": {
      "MAE": 2.064302921295166,
      "MAPE": 0.026854656636714935,
      "RMSE": 7.563055992126465,
      "MAE_avg": 1.832205891609192,
      "MAPE_avg": 0.02426493912935257,
      "RMSE_avg": 6.216564178466797
    },
    "step_9": {
      "MAE": 2.235051393508911,
      "MAPE": 0.029202736914157867,
      "RMSE": 9.379035949707031,
      "MAE_avg": 1.9487073421478271,
      "MAPE_avg": 0.025663403794169426,
      "RMSE_avg": 7.253244876861572
    },
    "step_12": {
      "MAE": 2.3237509727478027,
      "MAPE": 0.030443312600255013,
      "RMSE": 10.3912353515625,
      "MAE_avg": 2.035965919494629,
      "MAPE_avg": 0.026757247745990753,
      "RMSE_avg": 8.05006217956543
    },
    "step_24": {
      "MAE": 2.6879360675811768,
      "MAPE": 0.034992899745702744,
      "RMSE": 14.370599746704102,
      "MAE_avg": 2.2783308029174805,
      "MAPE_avg": 0.029842305928468704,
      "RMSE_avg": 10.587607383728027
    }
  }
}