{
  "best_epoch": 24,
  "num_params": 350010,
  "valid": {
    "MAE": 2.267411470413208,
    "MAPE": 0.026016851887106895,
    "RMSE": 8.967235565185547
  },
  "test": {
    "MAE": 2.3014769554138184,
    "MAPE": 0.029919195920228958,
    "RMSE": 10.52811050415039
  },
  "per_horizon": {
    "step_6": {
      "MAE": 2.069119930267334,
      "MAPE": 0.026826957240700722,
      "RMSE": 7.581406116485596,
      "MAE_avg": 1.8183194398880005,
      "MAPE_avg": 0.02393481321632862,
      "RMSE_avg": 6.205722808837891
    },
    "step_9": {
      "MAE": 2.2327053546905518,
      "MAPE": 0.02884257398545742,
      "RMSE": 9.304607391357422,
      "MAE_avg": 1.9408671855926514,
      "MAPE_avg": 0.02537531778216362,
      "RMSE_avg": 7.218644142150879
    },
    "step_12": {
      "MAE": 2.3532469272613525,
      "MAPE": 0.03055521845817566,
      "RMSE": 10.421671867370605,
      "MAE_avg": 2.0342235565185547,
      "MAPE_avg": 0.02652396820485592,
      "RMSE_avg": 8.02132511138916
    },
    "step_24": {
      "MAE": 2.718158721923828,
      "MAPE": 0.03518630564212799,
      "RMSE": 14.161927223205566,
      "MAE_avg": 2.3014769554138184,
      "MAPE_avg": 0.029919195920228958,
      "RMSE_avg": 10.52811050415039
    }
  }
}