{
  "best_epoch": 6,
  "num_params": 342721,
  "valid": {
    "MAE": 2.269659996032715,
    "MAPE": 0.02595793828368187,
    "RMSE": 8.929407119750977
  },
  "test": {
    "MAE": 2.314274549484253,
    "MAPE": 0.03007533773779869,
    "RMSE": 10.498616218566895
  },
  "per_horizon": {
    "step_6": {
      "MAE": 2.093533992767334,
      "MAPE": 0.02705174870789051,
      "RMSE": 7.494897365570068,
      "MAE_avg": 1.8555606603622437,
      "MAPE_avg": 0.024378132075071335,
      "RMSE_avg": 6.156457424163818
    },
    "step_9": {
      "MAE": 2.2779343128204346,
      "MAPE": 0.02933000773191452,
      "RMSE": 9.227744102478027,
      "MAE_avg": 1.9848768711090088,
      "MAPE_avg": 0.02584039233624935,
      "RMSE_avg": 7.1717071533203125
    },
    "step_12": {
      "MAE": 2.368903875350952,
      "MAPE": 0.03066316433250904,
      "RMSE": 10.292464256286621,
      "MAE_avg": 2.073890447616577,
      "MAPE_avg": 0.026932675391435623,
      "RMSE_avg": 7.958490371704102
    },
    "step_24": {
      "MAE": 2.6840333938598633,
      "MAPE": 0.03494130074977875,
      "RMSE": 14.215747833251953,
      "MAE_avg": 2.314274549484253,
      "MAPE_avg": 0.03007533773779869,
      "RMSE_avg": 10.498616218566895
    }
  }
}