{
  "best_epoch": 32,
  "num_params": 359626,
  "valid": {
    "MAE": 2.2692108154296875,
    "MAPE": 0.026068035513162613,
    "RMSE": 9.01572322845459
  },
  "test": {
    "MAE": 2.3035213947296143,
    "MAPE": 0.029902728274464607,
    "RMSE": 10.470715522766113
  },
  "per_horizon": {
    "step_6": {
      "MAE": 2.0490212440490723,
      "MAPE": 0.026466142386198044,
      "RMSE": 7.497612476348877,
      "MAE_avg": 1.8186120986938477,
      "MAPE_avg": 0.023814234882593155,
      "RMSE_avg": 6.170354843139648
    },
    "step_9": {
      "MAE": 2.256972074508667,
      "MAPE": 0.029000449925661087,
      "RMSE": 9.287618637084961,
      "MAE_avg": 1.9419476985931396,
      "MAPE_avg": 0.025251232087612152,
      "RMSE_avg": 7.18069314956665
    },
    "step_12": {
      "MAE": 2.3618571758270264,
      "MAPE": 0.030503427609801292,
      "RMSE": 10.372413635253906,
      "MAE_avg": 2.0386202335357666,
      "MAPE_avg": 0.02644294872879982,
      "RMSE_avg": 7.985856056213379
    },
    "step_24": {
      "MAE": 2.7083334922790527,
      "MAPE": 0.03530289977788925,
      "RMSE": 13.982182502746582,
      "MAE_avg": 2.3035213947296143,
      "MAPE_avg": 0.029902728274464607,
      "RMSE_avg": 10.470715522766113
    }
  }
}