{
  "best_epoch": 25,
  "num_params": 336449,
  "valid": {
    "MAE": 2.225457191467285,
    "MAPE": 0.02575094625353813,
    "RMSE": 8.561959266662598
  },
  "test": {
    "MAE": 2.2465009689331055,
    "MAPE": 0.02899291180074215,
    "RMSE": 10.935145378112793
  },
  "per_horizon": {
    "step_6": {
      "MAE": 2.0581471920013428,
      "MAPE": 0.02649884857237339,
      "RMSE": 7.758793830871582,
      "MAE_avg": 1.788820743560791,
      "MAPE_avg": 0.023478178307414055,
      "RMSE_avg": 6.2919087409973145
    },
    "step_9": {
      "MAE": 2.1947975158691406,
      "MAPE": 0.028251755982637405,
      "RMSE": 9.660055160522461,
      "MAE_avg": 1.908008337020874,
      "MAPE_avg": 0.02484993450343609,
      "RMSE_avg": 7.393618106842041
    },
    "step_12": {
      "MAE": 2.2589902877807617,
      "MAPE": 0.028938695788383484,
      "RMSE": 10.602757453918457,
      "MAE_avg": 1.9887288808822632,
      "MAPE_avg": 0.02578878588974476,
      "RMSE_avg": 8.212512969970703
    },
    "step_24": {
      "MAE": 2.7003564834594727,
      "MAPE": 0.03486441448330879,
      "RMSE": 14.94942855834961,
      "MAE_avg": 2.2465009689331055,
      "MAPE_avg": 0.02899291180074215,
      "RMSE_avg": 10.935145378112793
    }
  }
}