{
  "best_epoch": 19,
  "num_params": 358801,
  "valid": {
    "MAE": 2.2739768028259277,
    "MAPE": 0.02606743946671486,
    "RMSE": 8.857198715209961
  },
  "test": {
    "MAE": 2.29364013671875,
    "MAPE": 0.0293576642870903,
    "RMSE": 10.709065437316895
  },
  "per_horizon": {
    "step_6": {
      "MAE": 2.088452100753784,
      "MAPE": 0.026363588869571686,
      "RMSE": 7.897644996643066,
      "MAE_avg": 1.8455686569213867,
      "MAPE_avg": 0.02390456572175026,
      "RMSE_avg": 6.459761142730713
    },
    "step_9": {
      "MAE": 2.2464253902435303,
      "MAPE": 0.028474656865000725,
      "RMSE": 9.519654273986816,
      "MAE_avg": 1.9633443355560303,
      "MAPE_avg": 0.02520427107810974,
      "RMSE_avg": 7.456775665283203
    },
    "step_12": {
      "MAE": 2.3179101943969727,
      "MAPE": 0.029625147581100464,
      "RMSE": 10.479650497436523,
      "MAE_avg": 2.046182870864868,
      "MAPE_avg": 0.02622547559440136,
      "RMSE_avg": 8.217684745788574
    },
    "step_24": {
      "MAE": 2.672633647918701,
      "MAPE": 0.034104108810424805,
      "RMSE": 14.405978202819824,
      "MAE_avg": 2.29364013671875,
      "MAPE_avg": 0.0293576642870903,
      "RMSE_avg": 10.709065437316895
    }
  }
}