{
  "best_epoch": 15,
  "num_params": 349185,
  "valid": {
    "MAE": 2.2536442279815674,
    "MAPE": 0.02593822032213211,
    "RMSE": 8.790467262268066
  },
  "test": {
    "MAE": 2.2792959213256836,
    "MAPE": 0.029792873188853264,
    "RMSE": 10.545609474182129
  },
  "per_horizon": {
    "step_6": {
      "MAE": 2.070993661880493,
      "MAPE": 0.026900356635451317,
      "RMSE": 7.573367118835449,
      "MAE_avg": 1.82429838180542,
      "MAPE_avg": 0.024084581062197685,
      "RMSE_avg": 6.2003583908081055
    },
    "step_9": {
      "MAE": 2.228065252304077,
      "MAPE": 0.02896844781935215,
      "RMSE": 9.291882514953613,
      "MAE_avg": 1.9432131052017212,
      "MAPE_avg": 0.025497810915112495,
      "RMSE_avg": 7.2200026512146
    },
    "step_12": {
      "MAE": 2.3364412784576416,
      "MAPE": 0.03056127391755581,
      "RMSE": 10.439430236816406,
      "MAE_avg": 2.033822536468506,
      "MAPE_avg": 0.026644563302397728,
      "RMSE_avg": 8.024577140808105
    },
    "step_24": {
      "MAE": 2.661416530609131,
      "MAPE": 0.03458467125892639,
      "RMSE": 14.045492172241211,
      "MAE_avg": 2.2792959213256836,
      "MAPE_avg": 0.029792873188853264,
      "RMSE_avg": 10.545609474182129
    }
  }
}