{
  "best_epoch": 10,
  "num_params": 392320,
  "valid": {
    "MAE": 2.2547619342803955,
    "MAPE": 0.026048311963677406,
    "RMSE": 8.907754898071289
  },
  "test": {
    "MAE": 2.323134183883667,
    "MAPE": 0.030130991712212563,
    "RMSE": 10.980588912963867
  },
  "per_horizon": {
    "step_6": {
      "MAE": 2.106980085372925,
      "MAPE": 0.02705788053572178,
      "RMSE": 8.012417793273926,
      "MAE_avg": 1.8495378494262695,
      "MAPE_avg": 0.024218395352363586,
      "RMSE_avg": 6.47857141494751
    },
    "step_9": {
      "MAE": 2.282519578933716,
      "MAPE": 0.02953181602060795,
      "RMSE": 9.779184341430664,
      "MAE_avg": 1.979598879814148,
      "MAPE_avg": 0.025778891518712044,
      "RMSE_avg": 7.581486225128174
    },
    "step_12": {
      "MAE": 2.3786447048187256,
      "MAPE": 0.030810846015810966,
      "RMSE": 10.793704986572266,
      "MAE_avg": 2.07212495803833,
      "MAPE_avg": 0.02694259211421013,
      "RMSE_avg": 8.3950834274292
    },
    "step_24": {
      "MAE": 2.7342703342437744,
      "MAPE": 0.03534233570098877,
      "RMSE": 14.893050193786621,
      "MAE_avg": 2.323134183883667,
      "MAPE_avg": 0.030130991712212563,
      "RMSE_avg": 10.980588912963867
    }
  }
}