{
  "best_epoch": 9,
  "num_params": 356474,
  "valid": {
    "MAE": 2.279697895050049,
    "MAPE": 0.026364900171756744,
    "RMSE": 8.98786735534668
  },
  "test": {
    "MAE": 2.309246063232422,
    "MAPE": 0.03030141443014145,
    "RMSE": 10.520047187805176
  },
  "per_horizon": {
    "step_6": {
      "MAE": 2.101606607437134,
      "MAPE": 0.027456816285848618,
      "RMSE": 7.585002422332764,
      "MAE_avg": 1.8723244667053223,
      "MAPE_avg": 0.024885455146431923,
      "RMSE_avg": 6.206232070922852
    },
    "step_9": {
      "MAE": 2.2352781295776367,
      "MAPE": 0.028932256624102592,
      "RMSE": 9.226036071777344,
      "MAE_avg": 1.9810477495193481,
      "MAPE_avg": 0.02608299069106579,
      "RMSE_avg": 7.192057132720947
    },
    "step_12": {
      "MAE": 2.3329648971557617,
      "MAPE": 0.030477672815322876,
      "RMSE": 10.287945747375488,
      "MAE_avg": 2.0615737438201904,
      "MAPE_avg": 0.027076102793216705,
      "RMSE_avg": 7.971383571624756
    },
    "step_24": {
      "MAE": 2.7221734523773193,
      "MAPE": 0.03572764992713928,
      "RMSE": 14.191567420959473,
      "MAE_avg": 2.309246063232422,
      "MAPE_avg": 0.03030141443014145,
      "RMSE_avg": 10.520047187805176
    }
  }
}