{
  "best_epoch": 6,
  "num_params": 350035,
  "valid": {
    "MAE": 2.3019497394561768,
    "MAPE": 0.026117317378520966,
    "RMSE": 9.74223518371582
  },
  "test": {
    "MAE": 2.4133994579315186,
    "MAPE": 0.03149278461933136,
    "RMSE": 11.338019371032715
  },
  "per_horizon": {
    "step_6": {
      "MAE": 2.2242817878723145,
      "MAPE": 0.029152560979127884,
      "RMSE": 8.525999069213867,
      "MAE_avg": 2.1095480918884277,
      "MAPE_avg": 0.027672145515680313,
      "RMSE_avg": 7.66275691986084
    },
    "step_9": {
      "MAE": 2.33229660987854,
      "MAPE": 0.030441027134656906,
      "RMSE": 9.961034774780273,
      "MAE_avg": 2.171180486679077,
      "MAPE_avg": 0.028445281088352203,
      "RMSE_avg": 8.366292953491211
    },
    "step_12": {
      "MAE": 2.4150948524475098,
      "MAPE": 0.03154502436518669,
      "RMSE": 11.03054141998291,
      "MAE_avg": 2.2272374629974365,
      "MAPE_avg": 0.029146024957299232,
      "RMSE_avg": 9.000236511230469
    },
    "step_24": {
      "MAE": 2.746804714202881,
      "MAPE": 0.03549749031662941,
      "RMSE": 15.145637512207031,
      "MAE_avg": 2.4133994579315186,
      "MAPE_avg": 0.03149278461933136,
      "RMSE_avg": 11.338019371032715
    }
  }
}