{
  "best_epoch": 9,
  "num_params": 394113,
  "valid": {
    "MAE": 2.256699800491333,
    "MAPE": 0.026026651263237,
    "RMSE": 8.89737319946289
  },
  "test": {
    "MAE": 2.3337740898132324,
    "MAPE": 0.03033486008644104,
    "RMSE": 10.811173439025879
  },
  "per_horizon": {
    "step_6": {
      "MAE": 2.0958991050720215,
      "MAPE": 0.027114346623420715,
      "RMSE": 7.717569351196289,
      "MAE_avg": 1.8503601551055908,
      "MAPE_avg": 0.02435343712568283,
      "RMSE_avg": 6.3011980056762695
    },
    "step_9": {
      "MAE": 2.258615732192993,
      "MAPE": 0.029140925034880638,
      "RMSE": 9.388643264770508,
      "MAE_avg": 1.9730219841003418,
      "MAPE_avg": 0.025767968967556953,
      "RMSE_avg": 7.312893390655518
    },
    "step_12": {
      "MAE": 2.375760078430176,
      "MAPE": 0.03076922334730625,
      "RMSE": 10.531435012817383,
      "MAE_avg": 2.062732219696045,
      "MAPE_avg": 0.026872651651501656,
      "RMSE_avg": 8.125397682189941
    },
    "step_24": {
      "MAE": 2.739548444747925,
      "MAPE": 0.035378970205783844,
      "RMSE": 14.62430191040039,
      "MAE_avg": 2.3337740898132324,
      "MAPE_avg": 0.03033486008644104,
      "RMSE_avg": 10.811173439025879
    }
  }
}