{
  "best_epoch": 19,
  "num_params": 349185,
  "valid": {
    "MAE": 2.2636983394622803,
    "MAPE": 0.026017379015684128,
    "RMSE": 8.805429458618164
  },
  "test": {
    "MAE": 2.270899534225464,
    "MAPE": 0.02906070277094841,
    "RMSE": 10.670089721679688
  },
  "per_horizon": {
    "step_6": {
      "MAE": 2.0780022144317627,
      "MAPE": 0.026241911575198174,
      "RMSE": 7.884954452514648,
      "MAE_avg": 1.834854245185852,
      "MAPE_avg": 0.023777300491929054,
      "RMSE_avg": 6.421027183532715
    },
    "step_9": {
      "MAE": 2.2274389266967773,
      "MAPE": 0.028220050036907196,
      "RMSE": 9.48635482788086,
      "MAE_avg": 1.9502136707305908,
      "MAPE_avg": 0.025045571848750114,
      "RMSE_avg": 7.430065155029297
    },
    "step_12": {
      "MAE": 2.296952724456787,
      "MAPE": 0.02928844280540943,
      "RMSE": 10.470796585083008,
      "MAE_avg": 2.031062602996826,
      "MAPE_avg": 0.026028580963611603,
      "RMSE_avg": 8.195380210876465
    },
    "step_24": {
      "MAE": 2.6492669582366943,
      "MAPE": 0.0338776521384716,
      "RMSE": 14.352705955505371,
      "MAE_avg": 2.270899534225464,
      "MAPE_avg": 0.02906070277094841,
      "RMSE_avg": 10.670089721679688
    }
  }
}