{
  "best_epoch": 19,
  "num_params": 349185,
  "valid": {
    "MAE": 2.2670505046844482,
    "MAPE": 0.02603314258158207,
    "RMSE": 8.814268112182617
  },
  "test": {
    "MAE": 2.278059244155884,
    "MAPE": 0.029128151014447212,
    "RMSE": 10.63911247253418
  },
  "per_horizon": {
    "step_6": {
      "MAE": 2.083174228668213,
      "MAPE": 0.026289332658052444,
      "RMSE": 7.874266147613525,
      "MAE_avg": 1.839726448059082,
      "MAPE_avg": 0.023828819394111633,
      "RMSE_avg": 6.423043251037598
    },
    "step_9": {
      "MAE": 2.2416064739227295,
      "MAPE": 0.02836623787879944,
      "RMSE": 9.46649169921875,
      "MAE_avg": 1.9570351839065552,
      "MAPE_avg": 0.025115393102169037,
      "RMSE_avg": 7.425025463104248
    },
    "step_12": {
      "MAE": 2.312243938446045,
      "MAPE": 0.029451778158545494,
      "RMSE": 10.42949104309082,
      "MAE_avg": 2.04018235206604,
      "MAPE_avg": 0.026118412613868713,
      "RMSE_avg": 8.184846878051758
    },
    "step_24": {
      "MAE": 2.6517951488494873,
      "MAPE": 0.03387203440070152,
      "RMSE": 14.320419311523438,
      "MAE_avg": 2.278059244155884,
      "MAPE_avg": 0.029128151014447212,
      "RMSE_avg": 10.63911247253418
    }
  }
}