{
  "best_epoch": 19,
  "num_params": 349185,
  "valid": {
    "MAE": 2.260854721069336,
    "MAPE": 0.025990987196564674,
    "RMSE": 8.799243927001953
  },
  "test": {
    "MAE": 2.2742698192596436,
    "MAPE": 0.029144443571567535,
    "RMSE": 10.696523666381836
  },
  "per_horizon": {
    "step_6": {
      "MAE": 2.079132080078125,
      "MAPE": 0.026285359635949135,
      "RMSE": 7.908210277557373,
      "MAE_avg": 1.83897066116333,
      "MAPE_avg": 0.023861361667513847,
      "RMSE_avg": 6.44193172454834
    },
    "step_9": {
      "MAE": 2.221224308013916,
      "MAPE": 0.028191592544317245,
      "RMSE": 9.492209434509277,
      "MAE_avg": 1.9516092538833618,
      "MAPE_avg": 0.02509581670165062,
      "RMSE_avg": 7.4436116218566895
    },
    "step_12": {
      "MAE": 2.2945783138275146,
      "MAPE": 0.029325686395168304,
      "RMSE": 10.467867851257324,
      "MAE_avg": 2.031233072280884,
      "MAPE_avg": 0.02607133239507675,
      "RMSE_avg": 8.204279899597168
    },
    "step_24": {
      "MAE": 2.659642219543457,
      "MAPE": 0.034036826342344284,
      "RMSE": 14.38806438446045,
      "MAE_avg": 2.2742698192596436,
      "MAPE_avg": 0.029144443571567535,
      "RMSE_avg": 10.696523666381836
    }
  }
}