{
  "best_epoch": 13,
  "num_params": 566713,
  "valid": {
    "MAE": 2.2490644454956055,
    "MAPE": 0.025946076959371567,
    "RMSE": 8.7654390335083
  },
  "test": {
    "MAE": 2.292473793029785,
    "MAPE": 0.029844366014003754,
    "RMSE": 10.653227806091309
  },
  "per_horizon": {
    "step_6": {
      "MAE": 2.0690338611602783,
      "MAPE": 0.026596324518322945,
      "RMSE": 7.6365251541137695,
      "MAE_avg": 1.8329169750213623,
      "MAPE_avg": 0.02410872094333172,
      "RMSE_avg": 6.276996612548828
    },
    "step_9": {
      "MAE": 2.2144410610198975,
      "MAPE": 0.028744785115122795,
      "RMSE": 9.421546936035156,
      "MAE_avg": 1.94833505153656,
      "MAPE_avg": 0.025461778044700623,
      "RMSE_avg": 7.307315349578857
    },
    "step_12": {
      "MAE": 2.3199758529663086,
      "MAPE": 0.030171314254403114,
      "RMSE": 10.460314750671387,
      "MAE_avg": 2.0321643352508545,
      "MAPE_avg": 0.026528624817728996,
      "RMSE_avg": 8.099465370178223
    },
    "step_24": {
      "MAE": 2.717294216156006,
      "MAPE": 0.035389188677072525,
      "RMSE": 14.347100257873535,
      "MAE_avg": 2.292473793029785,
      "MAPE_avg": 0.029844366014003754,
      "RMSE_avg": 10.653227806091309
    }
  }
}