{
  "best_epoch": 15,
  "num_params": 566713,
  "valid": {
    "MAE": 2.248899221420288,
    "MAPE": 0.025933679193258286,
    "RMSE": 8.723609924316406
  },
  "test": {
    "MAE": 2.299830675125122,
    "MAPE": 0.02996843308210373,
    "RMSE": 10.602577209472656
  },
  "per_horizon": {
    "step_6": {
      "MAE": 2.0624141693115234,
      "MAPE": 0.02686353586614132,
      "RMSE": 7.511102199554443,
      "MAE_avg": 1.8480712175369263,
      "MAPE_avg": 0.02451108582317829,
      "RMSE_avg": 6.215017318725586
    },
    "step_9": {
      "MAE": 2.209967613220215,
      "MAPE": 0.02894861251115799,
      "RMSE": 9.3492431640625,
      "MAE_avg": 1.9636290073394775,
      "MAPE_avg": 0.025924405083060265,
      "RMSE_avg": 7.249473571777344
    },
    "step_12": {
      "MAE": 2.3566038608551025,
      "MAPE": 0.03072080761194229,
      "RMSE": 10.510114669799805,
      "MAE_avg": 2.051419258117676,
      "MAPE_avg": 0.026987673714756966,
      "RMSE_avg": 8.0600004196167
    },
    "step_24": {
      "MAE": 2.6685097217559814,
      "MAPE": 0.03441617265343666,
      "RMSE": 14.020780563354492,
      "MAE_avg": 2.299830675125122,
      "MAPE_avg": 0.02996843308210373,
      "RMSE_avg": 10.602577209472656
    }
  }
}