{
  "best_epoch": 28,
  "num_params": 336449,
  "valid": {
    "MAE": 2.220615863800049,
    "MAPE": 0.02578830160200596,
    "RMSE": 8.559701919555664
  },
  "test": {
    "MAE": 2.247680187225342,
    "MAPE": 0.029130971059203148,
    "RMSE": 10.701045036315918
  },
  "per_horizon": {
    "step_6": {
      "MAE": 2.08636212348938,
      "MAPE": 0.026913510635495186,
      "RMSE": 7.697309970855713,
      "MAE_avg": 1.8186098337173462,
      "MAPE_avg": 0.023865794762969017,
      "RMSE_avg": 6.27825927734375
    },
    "step_9": {
      "MAE": 2.1876413822174072,
      "MAPE": 0.028303781524300575,
      "RMSE": 9.43118667602539,
      "MAE_avg": 1.9337693452835083,
      "MAPE_avg": 0.0252241063863039,
      "RMSE_avg": 7.331332206726074
    },
    "step_12": {
      "MAE": 2.267848253250122,
      "MAPE": 0.029381046071648598,
      "RMSE": 10.500192642211914,
      "MAE_avg": 2.0084335803985596,
      "MAPE_avg": 0.02614869549870491,
      "RMSE_avg": 8.120813369750977
    },
    "step_24": {
      "MAE": 2.642915964126587,
      "MAPE": 0.03400721773505211,
      "RMSE": 14.440298080444336,
      "MAE_avg": 2.247680187225342,
      "MAPE_avg": 0.029130971059203148,
      "RMSE_avg": 10.701045036315918
    }
  }
}