{
  "best_epoch": 10,
  "num_params": 348545,
  "valid": {
    "MAE": 2.22571063041687,
    "MAPE": 0.025728655979037285,
    "RMSE": 8.650630950927734
  },
  "test": {
    "MAE": 2.2890899181365967,
    "MAPE": 0.029890727251768112,
    "RMSE": 10.691359519958496
  },
  "per_horizon": {
    "step_6": {
      "MAE": 2.056117057800293,
      "MAPE": 0.02656213939189911,
      "RMSE": 7.618968963623047,
      "MAE_avg": 1.8269954919815063,
      "MAPE_avg": 0.024028703570365906,
      "RMSE_avg": 6.247361660003662
    },
    "step_9": {
      "MAE": 2.223083734512329,
      "MAPE": 0.028984570875763893,
      "RMSE": 9.45699405670166,
      "MAE_avg": 1.9439696073532104,
      "MAPE_avg": 0.02546590380370617,
      "RMSE_avg": 7.29899787902832
    },
    "step_12": {
      "MAE": 2.3263120651245117,
      "MAPE": 0.030445482581853867,
      "RMSE": 10.461713790893555,
      "MAE_avg": 2.0316946506500244,
      "MAPE_avg": 0.02658882737159729,
      "RMSE_avg": 8.10114860534668
    },
    "step_24": {
      "MAE": 2.710418701171875,
      "MAPE": 0.03521586209535599,
      "RMSE": 14.609517097473145,
      "MAE_avg": 2.2890899181365967,
      "MAPE_avg": 0.029890727251768112,
      "RMSE_avg": 10.691359519958496
    }
  }
}