{
  "best_epoch": 9,
  "num_params": 393633,
  "valid": {
    "MAE": 2.2451882362365723,
    "MAPE": 0.02588880993425846,
    "RMSE": 8.781063079833984
  },
  "test": {
    "MAE": 2.335143566131592,
    "MAPE": 0.030431579798460007,
    "RMSE": 10.721587181091309
  },
  "per_horizon": {
    "step_6": {
      "MAE": 2.0878500938415527,
      "MAPE": 0.027056673541665077,
      "RMSE": 7.634242057800293,
      "MAE_avg": 1.8276176452636719,
      "MAPE_avg": 0.024064600467681885,
      "RMSE_avg": 6.221550464630127
    },
    "step_9": {
      "MAE": 2.2608776092529297,
      "MAPE": 0.029340671375393867,
      "RMSE": 9.332138061523438,
      "MAE_avg": 1.956021785736084,
      "MAPE_avg": 0.02558656595647335,
      "RMSE_avg": 7.242727279663086
    },
    "step_12": {
      "MAE": 2.3827548027038574,
      "MAPE": 0.03095514327287674,
      "RMSE": 10.454508781433105,
      "MAE_avg": 2.050457715988159,
      "MAPE_avg": 0.02677427977323532,
      "RMSE_avg": 8.053229331970215
    },
    "step_24": {
      "MAE": 2.780831813812256,
      "MAPE": 0.03607426583766937,
      "RMSE": 14.520258903503418,
      "MAE_avg": 2.335143566131592,
      "MAPE_avg": 0.030431579798460007,
      "RMSE_avg": 10.721587181091309
    }
  }
}