{
  "best_epoch": 24,
  "num_params": 350010,
  "valid": {
    "MAE": 2.26865553855896,
    "MAPE": 0.02604013681411743,
    "RMSE": 8.958462715148926
  },
  "test": {
    "MAE": 2.304840087890625,
    "MAPE": 0.029989665374159813,
    "RMSE": 10.543731689453125
  },
  "per_horizon": {
    "step_6": {
      "MAE": 2.0718865394592285,
      "MAPE": 0.02689450792968273,
      "RMSE": 7.578075885772705,
      "MAE_avg": 1.819757342338562,
      "MAPE_avg": 0.02397601120173931,
      "RMSE_avg": 6.202652454376221
    },
    "step_9": {
      "MAE": 2.2357375621795654,
      "MAPE": 0.028933489695191383,
      "RMSE": 9.299187660217285,
      "MAE_avg": 1.9430317878723145,
      "MAPE_avg": 0.025433672592043877,
      "RMSE_avg": 7.216516017913818
    },
    "step_12": {
      "MAE": 2.3598310947418213,
      "MAPE": 0.030680833384394646,
      "RMSE": 10.4332914352417,
      "MAE_avg": 2.0371439456939697,
      "MAPE_avg": 0.026594478636980057,
      "RMSE_avg": 8.022140502929688
    },
    "step_24": {
      "MAE": 2.7185375690460205,
      "MAPE": 0.03521258383989334,
      "RMSE": 14.175418853759766,
      "MAE_avg": 2.304840087890625,
      "MAPE_avg": 0.029989665374159813,
      "RMSE_avg": 10.543731689453125
    }
  }
}