{
  "best_epoch": 28,
  "num_params": 336449,
  "valid": {
    "MAE": 2.22599720954895,
    "MAPE": 0.02568965218961239,
    "RMSE": 9.040159225463867
  },
  "test": {
    "MAE": 2.2715530395507812,
    "MAPE": 0.02910233661532402,
    "RMSE": 11.065228462219238
  },
  "per_horizon": {
    "step_6": {
      "MAE": 2.0773122310638428,
      "MAPE": 0.02642418071627617,
      "RMSE": 8.031338691711426,
      "MAE_avg": 1.8298040628433228,
      "MAPE_avg": 0.023765966296195984,
      "RMSE_avg": 6.49287748336792
    },
    "step_9": {
      "MAE": 2.1994051933288574,
      "MAPE": 0.028059082105755806,
      "RMSE": 9.828710556030273,
      "MAE_avg": 1.9407917261123657,
      "MAPE_avg": 0.0250125490128994,
      "RMSE_avg": 7.584034442901611
    },
    "step_12": {
      "MAE": 2.3108065128326416,
      "MAPE": 0.029524220153689384,
      "RMSE": 10.911775588989258,
      "MAE_avg": 2.0269148349761963,
      "MAPE_avg": 0.026046352460980415,
      "RMSE_avg": 8.448587417602539
    },
    "step_24": {
      "MAE": 2.715017557144165,
      "MAPE": 0.034482382237911224,
      "RMSE": 15.044183731079102,
      "MAE_avg": 2.2715530395507812,
      "MAPE_avg": 0.02910233661532402,
      "RMSE_avg": 11.065228462219238
    }
  }
}