{
  "best_epoch": 10,
  "num_params": 348545,
  "valid": {
    "MAE": 2.2478294372558594,
    "MAPE": 0.025966953486204147,
    "RMSE": 8.747615814208984
  },
  "test": {
    "MAE": 2.2914011478424072,
    "MAPE": 0.02988368831574917,
    "RMSE": 10.690302848815918
  },
  "per_horizon": {
    "step_6": {
      "MAE": 2.0698370933532715,
      "MAPE": 0.02670552395284176,
      "RMSE": 7.649004936218262,
      "MAE_avg": 1.8240138292312622,
      "MAPE_avg": 0.023975394666194916,
      "RMSE_avg": 6.245042324066162
    },
    "step_9": {
      "MAE": 2.239760398864746,
      "MAPE": 0.029115837067365646,
      "RMSE": 9.47176742553711,
      "MAE_avg": 1.9472041130065918,
      "MAPE_avg": 0.025474974885582924,
      "RMSE_avg": 7.310330390930176
    },
    "step_12": {
      "MAE": 2.3488357067108154,
      "MAPE": 0.03064635582268238,
      "RMSE": 10.471515655517578,
      "MAE_avg": 2.0394320487976074,
      "MAPE_avg": 0.026651650667190552,
      "RMSE_avg": 8.115230560302734
    },
    "step_24": {
      "MAE": 2.703772783279419,
      "MAPE": 0.03511374071240425,
      "RMSE": 14.548727989196777,
      "MAE_avg": 2.2914011478424072,
      "MAPE_avg": 0.02988368831574917,
      "RMSE_avg": 10.690302848815918
    }
  }
}