{
  "best_epoch": 25,
  "num_params": 336449,
  "valid": {
    "MAE": 2.225537061691284,
    "MAPE": 0.025759879499673843,
    "RMSE": 8.560998916625977
  },
  "test": {
    "MAE": 2.242621898651123,
    "MAPE": 0.028934303671121597,
    "RMSE": 10.919443130493164
  },
  "per_horizon": {
    "step_6": {
      "MAE": 2.0562753677368164,
      "MAPE": 0.026476040482521057,
      "RMSE": 7.759549617767334,
      "MAE_avg": 1.7880127429962158,
      "MAPE_avg": 0.023464007303118706,
      "RMSE_avg": 6.294341087341309
    },
    "step_9": {
      "MAE": 2.1912596225738525,
      "MAPE": 0.028200039640069008,
      "RMSE": 9.6531400680542,
      "MAE_avg": 1.9063795804977417,
      "MAPE_avg": 0.02482667751610279,
      "RMSE_avg": 7.392924785614014
    },
    "step_12": {
      "MAE": 2.2540640830993652,
      "MAPE": 0.028878718614578247,
      "RMSE": 10.591432571411133,
      "MAE_avg": 1.9867916107177734,
      "MAPE_avg": 0.02576240338385105,
      "RMSE_avg": 8.2107515335083
    },
    "step_24": {
      "MAE": 2.6960129737854004,
      "MAPE": 0.034778665751218796,
      "RMSE": 14.933390617370605,
      "MAE_avg": 2.242621898651123,
      "MAPE_avg": 0.028934303671121597,
      "RMSE_avg": 10.919443130493164
    }
  }
}