{
  "best_epoch": 10,
  "num_params": 326401,
  "valid": {
    "MAE": 2.273372173309326,
    "MAPE": 0.02620724029839039,
    "RMSE": 8.7842378616333
  },
  "test": {
    "MAE": 2.311638355255127,
    "MAPE": 0.03016199730336666,
    "RMSE": 10.667108535766602
  },
  "per_horizon": {
    "step_6": {
      "MAE": 2.076171636581421,
      "MAPE": 0.026858292520046234,
      "RMSE": 7.619352340698242,
      "MAE_avg": 1.8321512937545776,
      "MAPE_avg": 0.02407587319612503,
      "RMSE_avg": 6.234472751617432
    },
    "step_9": {
      "MAE": 2.255758285522461,
      "MAPE": 0.029421433806419373,
      "RMSE": 9.434500694274902,
      "MAE_avg": 1.956038236618042,
      "MAPE_avg": 0.02559865266084671,
      "RMSE_avg": 7.283693790435791
    },
    "step_12": {
      "MAE": 2.3723809719085693,
      "MAPE": 0.030964620411396027,
      "RMSE": 10.50072956085205,
      "MAE_avg": 2.050591230392456,
      "MAPE_avg": 0.02681267261505127,
      "RMSE_avg": 8.095953941345215
    },
    "step_24": {
      "MAE": 2.74503231048584,
      "MAPE": 0.03564603626728058,
      "RMSE": 14.491433143615723,
      "MAE_avg": 2.311638355255127,
      "MAPE_avg": 0.03016199730336666,
      "RMSE_avg": 10.667108535766602
    }
  }
}