{
  "best_epoch": 16,
  "num_params": 342913,
  "valid": {
    "MAE": 2.2362935543060303,
    "MAPE": 0.025856036692857742,
    "RMSE": 8.656148910522461
  },
  "test": {
    "MAE": 2.257970094680786,
    "MAPE": 0.029145730659365654,
    "RMSE": 10.800908088684082
  },
  "per_horizon": {
    "step_6": {
      "MAE": 2.0392794609069824,
      "MAPE": 0.026045892387628555,
      "RMSE": 7.680419445037842,
      "MAE_avg": 1.805130124092102,
      "MAPE_avg": 0.023549756035208702,
      "RMSE_avg": 6.313091278076172
    },
    "step_9": {
      "MAE": 2.1767241954803467,
      "MAPE": 0.027902720496058464,
      "RMSE": 9.30829906463623,
      "MAE_avg": 1.9178311824798584,
      "MAPE_avg": 0.024838928133249283,
      "RMSE_avg": 7.295648574829102
    },
    "step_12": {
      "MAE": 2.274592876434326,
      "MAPE": 0.02929353341460228,
      "RMSE": 10.507406234741211,
      "MAE_avg": 1.9992427825927734,
      "MAPE_avg": 0.02583894692361355,
      "RMSE_avg": 8.09076976776123
    },
    "step_24": {
      "MAE": 2.691540002822876,
      "MAPE": 0.03467905893921852,
      "RMSE": 14.500428199768066,
      "MAE_avg": 2.257970094680786,
      "MAPE_avg": 0.029145730659365654,
      "RMSE_avg": 10.800908088684082
    }
  }
}