{
  "best_epoch": 9,
  "num_params": 393153,
  "valid": {
    "MAE": 2.2463924884796143,
    "MAPE": 0.02592659555375576,
    "RMSE": 8.797786712646484
  },
  "test": {
    "MAE": 2.2939982414245605,
    "MAPE": 0.02994689904153347,
    "RMSE": 10.601323127746582
  },
  "per_horizon": {
    "step_6": {
      "MAE": 2.079777717590332,
      "MAPE": 0.02699771150946617,
      "RMSE": 7.624125957489014,
      "MAE_avg": 1.8331146240234375,
      "MAPE_avg": 0.024254806339740753,
      "RMSE_avg": 6.22515344619751
    },
    "step_9": {
      "MAE": 2.2281692028045654,
      "MAPE": 0.028774745762348175,
      "RMSE": 9.285245895385742,
      "MAE_avg": 1.9509021043777466,
      "MAPE_avg": 0.025579923763871193,
      "RMSE_avg": 7.22342586517334
    },
    "step_12": {
      "MAE": 2.32316255569458,
      "MAPE": 0.030216865241527557,
      "RMSE": 10.348495483398438,
      "MAE_avg": 2.0365450382232666,
      "MAPE_avg": 0.02663460187613964,
      "RMSE_avg": 8.011184692382812
    },
    "step_24": {
      "MAE": 2.698554515838623,
      "MAPE": 0.0351608581840992,
      "RMSE": 14.365190505981445,
      "MAE_avg": 2.2939982414245605,
      "MAPE_avg": 0.02994689904153347,
      "RMSE_avg": 10.601323127746582
    }
  }
}