{
  "best_epoch": 19,
  "num_params": 355649,
  "valid": {
    "MAE": 2.280715227127075,
    "MAPE": 0.026162395253777504,
    "RMSE": 8.835320472717285
  },
  "test": {
    "MAE": 2.279876470565796,
    "MAPE": 0.029291657730937004,
    "RMSE": 10.500601768493652
  },
  "per_horizon": {
    "step_6": {
      "MAE": 2.081186532974243,
      "MAPE": 0.026425017043948174,
      "RMSE": 7.820755958557129,
      "MAE_avg": 1.8444563150405884,
      "MAPE_avg": 0.023989517241716385,
      "RMSE_avg": 6.3780388832092285
    },
    "step_9": {
      "MAE": 2.2279610633850098,
      "MAPE": 0.028353538364171982,
      "RMSE": 9.381446838378906,
      "MAE_avg": 1.957728624343872,
      "MAPE_avg": 0.025240158662199974,
      "RMSE_avg": 7.3622331619262695
    },
    "step_12": {
      "MAE": 2.317939043045044,
      "MAPE": 0.029750484973192215,
      "RMSE": 10.341312408447266,
      "MAE_avg": 2.0413355827331543,
      "MAPE_avg": 0.026271682232618332,
      "RMSE_avg": 8.110543251037598
    },
    "step_24": {
      "MAE": 2.6549274921417236,
      "MAPE": 0.03401843085885048,
      "RMSE": 14.007803916931152,
      "MAE_avg": 2.279876470565796,
      "MAPE_avg": 0.029291657730937004,
      "RMSE_avg": 10.500601768493652
    }
  }
}