{
  "best_epoch": 9,
  "num_params": 349345,
  "valid": {
    "MAE": 2.2598495483398438,
    "MAPE": 0.02602926455438137,
    "RMSE": 8.865429878234863
  },
  "test": {
    "MAE": 2.3129913806915283,
    "MAPE": 0.03017265722155571,
    "RMSE": 10.731627464294434
  },
  "per_horizon": {
    "step_6": {
      "MAE": 2.076071262359619,
      "MAPE": 0.02685510367155075,
      "RMSE": 7.696242332458496,
      "MAE_avg": 1.829123854637146,
      "MAPE_avg": 0.02403300069272518,
      "RMSE_avg": 6.340926170349121
    },
    "step_9": {
      "MAE": 2.2448198795318604,
      "MAPE": 0.029078060761094093,
      "RMSE": 9.370645523071289,
      "MAE_avg": 1.9511585235595703,
      "MAPE_avg": 0.025475256145000458,
      "RMSE_avg": 7.3143630027771
    },
    "step_12": {
      "MAE": 2.356569528579712,
      "MAPE": 0.03058534860610962,
      "RMSE": 10.411747932434082,
      "MAE_avg": 2.043161392211914,
      "MAPE_avg": 0.02663392387330532,
      "RMSE_avg": 8.101052284240723
    },
    "step_24": {
      "MAE": 2.741187572479248,
      "MAPE": 0.03575391322374344,
      "RMSE": 14.577043533325195,
      "MAE_avg": 2.3129913806915283,
      "MAPE_avg": 0.03017265722155571,
      "RMSE_avg": 10.731627464294434
    }
  }
}