{
  "best_epoch": 8,
  "num_params": 336449,
  "valid": {
    "MAE": 2.231961727142334,
    "MAPE": 0.0256776325404644,
    "RMSE": 8.627726554870605
  },
  "test": {
    "MAE": 2.2524232864379883,
    "MAPE": 0.029167748987674713,
    "RMSE": 10.55013656616211
  },
  "per_horizon": {
    "step_6": {
      "MAE": 2.0557360649108887,
      "MAPE": 0.026317967101931572,
      "RMSE": 7.573520660400391,
      "MAE_avg": 1.8140946626663208,
      "MAPE_avg": 0.023735037073493004,
      "RMSE_avg": 6.2842817306518555
    },
    "step_9": {
      "MAE": 2.1770756244659424,
      "MAPE": 0.02799512818455696,
      "RMSE": 9.271242141723633,
      "MAE_avg": 1.9233696460723877,
      "MAPE_avg": 0.02497938461601734,
      "RMSE_avg": 7.251905918121338
    },
    "step_12": {
      "MAE": 2.2598257064819336,
      "MAPE": 0.029239682480692863,
      "RMSE": 10.32163143157959,
      "MAE_avg": 2.0001862049102783,
      "MAPE_avg": 0.025931918993592262,
      "RMSE_avg": 8.016765594482422
    },
    "step_24": {
      "MAE": 2.6846258640289307,
      "MAPE": 0.03482441231608391,
      "RMSE": 14.292717933654785,
      "MAE_avg": 2.2524232864379883,
      "MAPE_avg": 0.029167748987674713,
      "RMSE_avg": 10.55013656616211
    }
  }
}