{
  "best_epoch": 19,
  "num_params": 349185,
  "valid": {
    "MAE": 2.2680227756500244,
    "MAPE": 0.026021918281912804,
    "RMSE": 8.825203895568848
  },
  "test": {
    "MAE": 2.2807085514068604,
    "MAPE": 0.029173770919442177,
    "RMSE": 10.628873825073242
  },
  "per_horizon": {
    "step_6": {
      "MAE": 2.080052614212036,
      "MAPE": 0.0262792706489563,
      "RMSE": 7.845937728881836,
      "MAE_avg": 1.8407126665115356,
      "MAPE_avg": 0.02385917492210865,
      "RMSE_avg": 6.395496845245361
    },
    "step_9": {
      "MAE": 2.240154266357422,
      "MAPE": 0.028358211740851402,
      "RMSE": 9.467392921447754,
      "MAE_avg": 1.9572397470474243,
      "MAPE_avg": 0.02513587661087513,
      "RMSE_avg": 7.403648376464844
    },
    "step_12": {
      "MAE": 2.3119683265686035,
      "MAPE": 0.029446644708514214,
      "RMSE": 10.457303047180176,
      "MAE_avg": 2.040055751800537,
      "MAPE_avg": 0.0261349119246006,
      "RMSE_avg": 8.17319393157959
    },
    "step_24": {
      "MAE": 2.6518077850341797,
      "MAPE": 0.03388853743672371,
      "RMSE": 14.29781723022461,
      "MAE_avg": 2.2807085514068604,
      "MAPE_avg": 0.029173770919442177,
      "RMSE_avg": 10.628873825073242
    }
  }
}