{
  "best_epoch": 19,
  "num_params": 349185,
  "valid": {
    "MAE": 2.2731831073760986,
    "MAPE": 0.026100914925336838,
    "RMSE": 8.840872764587402
  },
  "test": {
    "MAE": 2.28072452545166,
    "MAPE": 0.02916782908141613,
    "RMSE": 10.639324188232422
  },
  "per_horizon": {
    "step_6": {
      "MAE": 2.080012559890747,
      "MAPE": 0.026262938976287842,
      "RMSE": 7.8587327003479,
      "MAE_avg": 1.837388515472412,
      "MAPE_avg": 0.023815792053937912,
      "RMSE_avg": 6.4149556159973145
    },
    "step_9": {
      "MAE": 2.238323450088501,
      "MAPE": 0.028309768065810204,
      "RMSE": 9.465677261352539,
      "MAE_avg": 1.9549217224121094,
      "MAPE_avg": 0.0250984076410532,
      "RMSE_avg": 7.416377544403076
    },
    "step_12": {
      "MAE": 2.3113629817962646,
      "MAPE": 0.02943461574614048,
      "RMSE": 10.455587387084961,
      "MAE_avg": 2.037971019744873,
      "MAPE_avg": 0.02609902434051037,
      "RMSE_avg": 8.180842399597168
    },
    "step_24": {
      "MAE": 2.656514883041382,
      "MAPE": 0.033948685973882675,
      "RMSE": 14.338849067687988,
      "MAE_avg": 2.28072452545166,
      "MAPE_avg": 0.02916782908141613,
      "RMSE_avg": 10.639324188232422
    }
  }
}