{
  "best_epoch": 40,
  "num_params": 327226,
  "valid": {
    "MAE": 2.253934621810913,
    "MAPE": 0.02585366740822792,
    "RMSE": 8.941895484924316
  },
  "test": {
    "MAE": 2.2810816764831543,
    "MAPE": 0.029508808627724648,
    "RMSE": 10.480184555053711
  },
  "per_horizon": {
    "step_6": {
      "MAE": 2.044973134994507,
      "MAPE": 0.026363428682088852,
      "RMSE": 7.547408580780029,
      "MAE_avg": 1.8030768632888794,
      "MAPE_avg": 0.023646380752325058,
      "RMSE_avg": 6.193770885467529
    },
    "step_9": {
      "MAE": 2.212916135787964,
      "MAPE": 0.028415847569704056,
      "RMSE": 9.262458801269531,
      "MAE_avg": 1.9221718311309814,
      "MAPE_avg": 0.025010259822010994,
      "RMSE_avg": 7.1824116706848145
    },
    "step_12": {
      "MAE": 2.3251287937164307,
      "MAPE": 0.02996162511408329,
      "RMSE": 10.413055419921875,
      "MAE_avg": 2.013533353805542,
      "MAPE_avg": 0.026122136041522026,
      "RMSE_avg": 7.985406875610352
    },
    "step_24": {
      "MAE": 2.726989984512329,
      "MAPE": 0.035156939178705215,
      "RMSE": 14.065228462219238,
      "MAE_avg": 2.2810816764831543,
      "MAPE_avg": 0.029508808627724648,
      "RMSE_avg": 10.480184555053711
    }
  }
}