{
  "best_epoch": 10,
  "num_params": 392320,
  "valid": {
    "MAE": 2.2441623210906982,
    "MAPE": 0.025986038148403168,
    "RMSE": 8.67819881439209
  },
  "test": {
    "MAE": 2.3089208602905273,
    "MAPE": 0.030081136152148247,
    "RMSE": 10.46863079071045
  },
  "per_horizon": {
    "step_6": {
      "MAE": 2.106708526611328,
      "MAPE": 0.027370410040020943,
      "RMSE": 7.526969909667969,
      "MAE_avg": 1.8350714445114136,
      "MAPE_avg": 0.024264998733997345,
      "RMSE_avg": 6.150435447692871
    },
    "step_9": {
      "MAE": 2.2692270278930664,
      "MAPE": 0.02951204590499401,
      "RMSE": 9.287511825561523,
      "MAE_avg": 1.9624073505401611,
      "MAPE_avg": 0.02578703872859478,
      "RMSE_avg": 7.1830034255981445
    },
    "step_12": {
      "MAE": 2.367845058441162,
      "MAPE": 0.030690088868141174,
      "RMSE": 10.320841789245605,
      "MAE_avg": 2.0577163696289062,
      "MAPE_avg": 0.02694433182477951,
      "RMSE_avg": 7.982326984405518
    },
    "step_24": {
      "MAE": 2.725370168685913,
      "MAPE": 0.03545451909303665,
      "RMSE": 14.130270004272461,
      "MAE_avg": 2.3089208602905273,
      "MAPE_avg": 0.030081136152148247,
      "RMSE_avg": 10.46863079071045
    }
  }
}