{
  "best_epoch": 13,
  "num_params": 336449,
  "valid": {
    "MAE": 2.251105785369873,
    "MAPE": 0.02623913623392582,
    "RMSE": 8.619284629821777
  },
  "test": {
    "MAE": 2.2612030506134033,
    "MAPE": 0.029419755563139915,
    "RMSE": 10.741806983947754
  },
  "per_horizon": {
    "step_6": {
      "MAE": 2.037677049636841,
      "MAPE": 0.026165666058659554,
      "RMSE": 7.640472412109375,
      "MAE_avg": 1.8132160902023315,
      "MAPE_avg": 0.02387942001223564,
      "RMSE_avg": 6.305566787719727
    },
    "step_9": {
      "MAE": 2.1820900440216064,
      "MAPE": 0.028196880593895912,
      "RMSE": 9.518377304077148,
      "MAE_avg": 1.923337697982788,
      "MAPE_avg": 0.025133969262242317,
      "RMSE_avg": 7.350494861602783
    },
    "step_12": {
      "MAE": 2.2750439643859863,
      "MAPE": 0.0294400192797184,
      "RMSE": 10.493508338928223,
      "MAE_avg": 2.0046708583831787,
      "MAPE_avg": 0.02612530067563057,
      "RMSE_avg": 8.156075477600098
    },
    "step_24": {
      "MAE": 2.703554630279541,
      "MAPE": 0.03512004390358925,
      "RMSE": 14.498464584350586,
      "MAE_avg": 2.2612030506134033,
      "MAPE_avg": 0.029419755563139915,
      "RMSE_avg": 10.741806983947754
    }
  }
}