{
  "best_epoch": 33,
  "num_params": 356250,
  "valid": {
    "MAE": 2.2452213764190674,
    "MAPE": 0.02574175037443638,
    "RMSE": 8.967653274536133
  },
  "test": {
    "MAE": 2.3318731784820557,
    "MAPE": 0.029877401888370514,
    "RMSE": 11.21916675567627
  },
  "per_horizon": {
    "step_6": {
      "MAE": 2.081772804260254,
      "MAPE": 0.026575515046715736,
      "RMSE": 8.304409980773926,
      "MAE_avg": 1.8226391077041626,
      "MAPE_avg": 0.02379704639315605,
      "RMSE_avg": 6.610793113708496
    },
    "step_9": {
      "MAE": 2.245882272720337,
      "MAPE": 0.028413454070687294,
      "RMSE": 10.271675109863281,
      "MAE_avg": 1.948288917541504,
      "MAPE_avg": 0.025167258456349373,
      "RMSE_avg": 7.802351474761963
    },
    "step_12": {
      "MAE": 2.388822555541992,
      "MAPE": 0.030285801738500595,
      "RMSE": 11.299378395080566,
      "MAE_avg": 2.0503618717193604,
      "MAPE_avg": 0.02634536661207676,
      "RMSE_avg": 8.706720352172852
    },
    "step_24": {
      "MAE": 2.800205945968628,
      "MAPE": 0.03603552281856537,
      "RMSE": 14.814813613891602,
      "MAE_avg": 2.3318731784820557,
      "MAPE_avg": 0.029877401888370514,
      "RMSE_avg": 11.21916675567627
    }
  }
}