{
  "best_epoch": 15,
  "num_params": 342913,
  "valid": {
    "MAE": 2.23771071434021,
    "MAPE": 0.025767378509044647,
    "RMSE": 8.650768280029297
  },
  "test": {
    "MAE": 2.2610485553741455,
    "MAPE": 0.029303988441824913,
    "RMSE": 10.732870101928711
  },
  "per_horizon": {
    "step_6": {
      "MAE": 2.0387628078460693,
      "MAPE": 0.026190247386693954,
      "RMSE": 7.684952259063721,
      "MAE_avg": 1.8268851041793823,
      "MAPE_avg": 0.023979809135198593,
      "RMSE_avg": 6.423472881317139
    },
    "step_9": {
      "MAE": 2.166316270828247,
      "MAPE": 0.027963411062955856,
      "RMSE": 9.455085754394531,
      "MAE_avg": 1.928550124168396,
      "MAPE_avg": 0.025145117193460464,
      "RMSE_avg": 7.4057817459106445
    },
    "step_12": {
      "MAE": 2.2730023860931396,
      "MAPE": 0.029464775696396828,
      "RMSE": 10.513654708862305,
      "MAE_avg": 2.006397247314453,
      "MAPE_avg": 0.02611277811229229,
      "RMSE_avg": 8.19408893585205
    },
    "step_24": {
      "MAE": 2.7159454822540283,
      "MAPE": 0.035069942474365234,
      "RMSE": 14.490019798278809,
      "MAE_avg": 2.2610485553741455,
      "MAPE_avg": 0.029303988441824913,
      "RMSE_avg": 10.732870101928711
    }
  }
}