{
  "best_epoch": 19,
  "num_params": 349185,
  "valid": {
    "MAE": 2.258617877960205,
    "MAPE": 0.02598988264799118,
    "RMSE": 8.786572456359863
  },
  "test": {
    "MAE": 2.268955707550049,
    "MAPE": 0.02906193770468235,
    "RMSE": 10.69095516204834
  },
  "per_horizon": {
    "step_6": {
      "MAE": 2.073951244354248,
      "MAPE": 0.026225781068205833,
      "RMSE": 7.872786045074463,
      "MAE_avg": 1.8348709344863892,
      "MAPE_avg": 0.02381773106753826,
      "RMSE_avg": 6.439291477203369
    },
    "step_9": {
      "MAE": 2.2257614135742188,
      "MAPE": 0.028210779651999474,
      "RMSE": 9.46273422241211,
      "MAE_avg": 1.949234127998352,
      "MAPE_avg": 0.0250654686242342,
      "RMSE_avg": 7.432185649871826
    },
    "step_12": {
      "MAE": 2.297685146331787,
      "MAPE": 0.029314730316400528,
      "RMSE": 10.466686248779297,
      "MAE_avg": 2.030538320541382,
      "MAPE_avg": 0.0260484479367733,
      "RMSE_avg": 8.194075584411621
    },
    "step_24": {
      "MAE": 2.645266532897949,
      "MAPE": 0.03383215516805649,
      "RMSE": 14.402839660644531,
      "MAE_avg": 2.268955707550049,
      "MAPE_avg": 0.02906193770468235,
      "RMSE_avg": 10.69095516204834
    }
  }
}