{
  "best_epoch": 3,
  "num_params": 374433,
  "valid": {
    "MAE": 2.2687253952026367,
    "MAPE": 0.02610129676759243,
    "RMSE": 8.881959915161133
  },
  "test": {
    "MAE": 2.3173515796661377,
    "MAPE": 0.030250299721956253,
    "RMSE": 10.491982460021973
  },
  "per_horizon": {
    "step_6": {
      "MAE": 2.1000304222106934,
      "MAPE": 0.027261031791567802,
      "RMSE": 7.57792854309082,
      "MAE_avg": 1.8815226554870605,
      "MAPE_avg": 0.024790195748209953,
      "RMSE_avg": 6.2376203536987305
    },
    "step_9": {
      "MAE": 2.221635580062866,
      "MAPE": 0.028924129903316498,
      "RMSE": 9.322359085083008,
      "MAE_avg": 1.984999418258667,
      "MAPE_avg": 0.02597302757203579,
      "RMSE_avg": 7.22763204574585
    },
    "step_12": {
      "MAE": 2.3052875995635986,
      "MAPE": 0.030110351741313934,
      "RMSE": 10.247889518737793,
      "MAE_avg": 2.0590219497680664,
      "MAPE_avg": 0.026912609115242958,
      "RMSE_avg": 7.990025043487549
    },
    "step_24": {
      "MAE": 2.76009464263916,
      "MAPE": 0.03605800122022629,
      "RMSE": 14.406428337097168,
      "MAE_avg": 2.3173515796661377,
      "MAPE_avg": 0.030250299721956253,
      "RMSE_avg": 10.491982460021973
    }
  }
}