{
  "best_epoch": 19,
  "num_params": 349185,
  "valid": {
    "MAE": 2.266430377960205,
    "MAPE": 0.026027066633105278,
    "RMSE": 8.815494537353516
  },
  "test": {
    "MAE": 2.2800774574279785,
    "MAPE": 0.02915836311876774,
    "RMSE": 10.654419898986816
  },
  "per_horizon": {
    "step_6": {
      "MAE": 2.0847177505493164,
      "MAPE": 0.026311887428164482,
      "RMSE": 7.894180774688721,
      "MAE_avg": 1.8438260555267334,
      "MAPE_avg": 0.023876098915934563,
      "RMSE_avg": 6.438236713409424
    },
    "step_9": {
      "MAE": 2.240232467651367,
      "MAPE": 0.028364097699522972,
      "RMSE": 9.478913307189941,
      "MAE_avg": 1.9592390060424805,
      "MAPE_avg": 0.025144405663013458,
      "RMSE_avg": 7.43711519241333
    },
    "step_12": {
      "MAE": 2.3140628337860107,
      "MAPE": 0.02947382815182209,
      "RMSE": 10.445043563842773,
      "MAE_avg": 2.041362762451172,
      "MAPE_avg": 0.026137083768844604,
      "RMSE_avg": 8.194828033447266
    },
    "step_24": {
      "MAE": 2.6524813175201416,
      "MAPE": 0.03388475254178047,
      "RMSE": 14.323211669921875,
      "MAE_avg": 2.2800774574279785,
      "MAPE_avg": 0.02915836311876774,
      "RMSE_avg": 10.654419898986816
    }
  }
}