{
  "best_epoch": 14,
  "num_params": 350010,
  "valid": {
    "MAE": 2.259415864944458,
    "MAPE": 0.026058489456772804,
    "RMSE": 8.852429389953613
  },
  "test": {
    "MAE": 2.304769277572632,
    "MAPE": 0.03000754676759243,
    "RMSE": 10.612340927124023
  },
  "per_horizon": {
    "step_6": {
      "MAE": 2.083599090576172,
      "MAPE": 0.027097344398498535,
      "RMSE": 7.764555931091309,
      "MAE_avg": 1.8149317502975464,
      "MAPE_avg": 0.023878008127212524,
      "RMSE_avg": 6.2616472244262695
    },
    "step_9": {
      "MAE": 2.2360341548919678,
      "MAPE": 0.028976554051041603,
      "RMSE": 9.38138484954834,
      "MAE_avg": 1.9422842264175415,
      "MAPE_avg": 0.025421369820833206,
      "RMSE_avg": 7.306094169616699
    },
    "step_12": {
      "MAE": 2.356043815612793,
      "MAPE": 0.030674777925014496,
      "RMSE": 10.512556076049805,
      "MAE_avg": 2.0377774238586426,
      "MAPE_avg": 0.02660420909523964,
      "RMSE_avg": 8.103574752807617
    },
    "step_24": {
      "MAE": 2.737217903137207,
      "MAPE": 0.03542450815439224,
      "RMSE": 14.290178298950195,
      "MAE_avg": 2.304769277572632,
      "MAPE_avg": 0.03000754676759243,
      "RMSE_avg": 10.612340927124023
    }
  }
}