{
  "best_epoch": 19,
  "num_params": 349185,
  "valid": {
    "MAE": 2.259221076965332,
    "MAPE": 0.02604830265045166,
    "RMSE": 8.797045707702637
  },
  "test": {
    "MAE": 2.2616469860076904,
    "MAPE": 0.029056057333946228,
    "RMSE": 10.735661506652832
  },
  "per_horizon": {
    "step_6": {
      "MAE": 2.0601701736450195,
      "MAPE": 0.02614293061196804,
      "RMSE": 7.831521987915039,
      "MAE_avg": 1.8233572244644165,
      "MAPE_avg": 0.02377147600054741,
      "RMSE_avg": 6.406846523284912
    },
    "step_9": {
      "MAE": 2.2065911293029785,
      "MAPE": 0.02804546058177948,
      "RMSE": 9.467772483825684,
      "MAE_avg": 1.9365098476409912,
      "MAPE_avg": 0.024995915591716766,
      "RMSE_avg": 7.411495685577393
    },
    "step_12": {
      "MAE": 2.285372495651245,
      "MAPE": 0.029238026589155197,
      "RMSE": 10.531179428100586,
      "MAE_avg": 2.0174400806427,
      "MAPE_avg": 0.025972899049520493,
      "RMSE_avg": 8.193655014038086
    },
    "step_24": {
      "MAE": 2.6531901359558105,
      "MAPE": 0.034018486738204956,
      "RMSE": 14.431243896484375,
      "MAE_avg": 2.2616469860076904,
      "MAPE_avg": 0.029056057333946228,
      "RMSE_avg": 10.735661506652832
    }
  }
}