{
  "best_epoch": 19,
  "num_params": 349185,
  "valid": {
    "MAE": 2.2686009407043457,
    "MAPE": 0.026028769090771675,
    "RMSE": 8.819401741027832
  },
  "test": {
    "MAE": 2.281414270401001,
    "MAPE": 0.029169602319598198,
    "RMSE": 10.631599426269531
  },
  "per_horizon": {
    "step_6": {
      "MAE": 2.0826263427734375,
      "MAPE": 0.02630055882036686,
      "RMSE": 7.853427886962891,
      "MAE_avg": 1.8427115678787231,
      "MAPE_avg": 0.023862067610025406,
      "RMSE_avg": 6.401223659515381
    },
    "step_9": {
      "MAE": 2.2392399311065674,
      "MAPE": 0.02835272252559662,
      "RMSE": 9.473480224609375,
      "MAE_avg": 1.958857536315918,
      "MAPE_avg": 0.025138510391116142,
      "RMSE_avg": 7.409229755401611
    },
    "step_12": {
      "MAE": 2.3113291263580322,
      "MAPE": 0.029452478513121605,
      "RMSE": 10.465187072753906,
      "MAE_avg": 2.0408670902252197,
      "MAPE_avg": 0.026132121682167053,
      "RMSE_avg": 8.177702903747559
    },
    "step_24": {
      "MAE": 2.6537938117980957,
      "MAPE": 0.033895254135131836,
      "RMSE": 14.301643371582031,
      "MAE_avg": 2.281414270401001,
      "MAPE_avg": 0.029169602319598198,
      "RMSE_avg": 10.631599426269531
    }
  }
}