{
  "best_epoch": 22,
  "num_params": 567938,
  "valid": {
    "MAE": 2.2167012691497803,
    "MAPE": 0.025432657450437546,
    "RMSE": 8.82659912109375
  },
  "test": {
    "MAE": 2.294419288635254,
    "MAPE": 0.02977254055440426,
    "RMSE": 10.700691223144531
  },
  "per_horizon": {
    "step_6": {
      "MAE": 2.072739362716675,
      "MAPE": 0.026853512972593307,
      "RMSE": 7.662912845611572,
      "MAE_avg": 1.8247159719467163,
      "MAPE_avg": 0.024040549993515015,
      "RMSE_avg": 6.24131441116333
    },
    "step_9": {
      "MAE": 2.2143616676330566,
      "MAPE": 0.028563831001520157,
      "RMSE": 9.493523597717285,
      "MAE_avg": 1.9404810667037964,
      "MAPE_avg": 0.025359589606523514,
      "RMSE_avg": 7.297628402709961
    },
    "step_12": {
      "MAE": 2.3232645988464355,
      "MAPE": 0.03000756911933422,
      "RMSE": 10.525529861450195,
      "MAE_avg": 2.027569532394409,
      "MAPE_avg": 0.02640434540808201,
      "RMSE_avg": 8.11778450012207
    },
    "step_24": {
      "MAE": 2.74155330657959,
      "MAPE": 0.03539083153009415,
      "RMSE": 14.429908752441406,
      "MAE_avg": 2.294419288635254,
      "MAPE_avg": 0.02977254055440426,
      "RMSE_avg": 10.700691223144531
    }
  }
}