{
  "best_epoch": 25,
  "num_params": 336449,
  "valid": {
    "MAE": 2.226386547088623,
    "MAPE": 0.025762757286429405,
    "RMSE": 8.561781883239746
  },
  "test": {
    "MAE": 2.241063117980957,
    "MAPE": 0.028905300423502922,
    "RMSE": 10.895785331726074
  },
  "per_horizon": {
    "step_6": {
      "MAE": 2.053338050842285,
      "MAPE": 0.026435649022459984,
      "RMSE": 7.742108345031738,
      "MAE_avg": 1.786590576171875,
      "MAPE_avg": 0.023443127050995827,
      "RMSE_avg": 6.282005786895752
    },
    "step_9": {
      "MAE": 2.1881325244903564,
      "MAPE": 0.028152186423540115,
      "RMSE": 9.630977630615234,
      "MAE_avg": 1.9043716192245483,
      "MAPE_avg": 0.024796023964881897,
      "RMSE_avg": 7.378941535949707
    },
    "step_12": {
      "MAE": 2.253971576690674,
      "MAPE": 0.028855763375759125,
      "RMSE": 10.584056854248047,
      "MAE_avg": 1.9847272634506226,
      "MAPE_avg": 0.02572794072329998,
      "RMSE_avg": 8.196599006652832
    },
    "step_24": {
      "MAE": 2.6919894218444824,
      "MAPE": 0.03472362831234932,
      "RMSE": 14.877351760864258,
      "MAE_avg": 2.241063117980957,
      "MAPE_avg": 0.028905300423502922,
      "RMSE_avg": 10.895785331726074
    }
  }
}