{
  "best_epoch": 9,
  "num_params": 304513,
  "valid": {
    "MAE": 2.2515170574188232,
    "MAPE": 0.025841664522886276,
    "RMSE": 8.869233131408691
  },
  "test": {
    "MAE": 2.2988998889923096,
    "MAPE": 0.029940392822027206,
    "RMSE": 10.614239692687988
  },
  "per_horizon": {
    "step_6": {
      "MAE": 2.0931475162506104,
      "MAPE": 0.027134675532579422,
      "RMSE": 7.654972076416016,
      "MAE_avg": 1.8244543075561523,
      "MAPE_avg": 0.023967260494828224,
      "RMSE_avg": 6.279729843139648
    },
    "step_9": {
      "MAE": 2.2204580307006836,
      "MAPE": 0.028755979612469673,
      "RMSE": 9.270474433898926,
      "MAE_avg": 1.9443135261535645,
      "MAPE_avg": 0.025382626801729202,
      "RMSE_avg": 7.2514967918396
    },
    "step_12": {
      "MAE": 2.350269317626953,
      "MAPE": 0.03047948330640793,
      "RMSE": 10.37390422821045,
      "MAE_avg": 2.034372568130493,
      "MAPE_avg": 0.02651260606944561,
      "RMSE_avg": 8.037190437316895
    },
    "step_24": {
      "MAE": 2.718658208847046,
      "MAPE": 0.035384491086006165,
      "RMSE": 14.390572547912598,
      "MAE_avg": 2.2988998889923096,
      "MAPE_avg": 0.029940392822027206,
      "RMSE_avg": 10.614239692687988
    }
  }
}