{
  "best_epoch": 24,
  "num_params": 356250,
  "valid": {
    "MAE": 2.2425222396850586,
    "MAPE": 0.02572067826986313,
    "RMSE": 8.897042274475098
  },
  "test": {
    "MAE": 2.2790517807006836,
    "MAPE": 0.029585806652903557,
    "RMSE": 10.4859619140625
  },
  "per_horizon": {
    "step_6": {
      "MAE": 2.0669023990631104,
      "MAPE": 0.02684086747467518,
      "RMSE": 7.5947160720825195,
      "MAE_avg": 1.8231737613677979,
      "MAPE_avg": 0.024076661095023155,
      "RMSE_avg": 6.205344200134277
    },
    "step_9": {
      "MAE": 2.2226524353027344,
      "MAPE": 0.028642747551202774,
      "RMSE": 9.32886028289795,
      "MAE_avg": 1.940004587173462,
      "MAPE_avg": 0.02539726532995701,
      "RMSE_avg": 7.224207878112793
    },
    "step_12": {
      "MAE": 2.3266897201538086,
      "MAPE": 0.030080921947956085,
      "RMSE": 10.395712852478027,
      "MAE_avg": 2.029147148132324,
      "MAPE_avg": 0.026468416675925255,
      "RMSE_avg": 8.022850036621094
    },
    "step_24": {
      "MAE": 2.689314126968384,
      "MAPE": 0.034718554466962814,
      "RMSE": 13.933297157287598,
      "MAE_avg": 2.2790517807006836,
      "MAPE_avg": 0.029585806652903557,
      "RMSE_avg": 10.4859619140625
    }
  }
}