{
  "best_epoch": 10,
  "num_params": 349185,
  "valid": {
    "MAE": 2.2572057247161865,
    "MAPE": 0.026058871299028397,
    "RMSE": 8.808512687683105
  },
  "test": {
    "MAE": 2.2932517528533936,
    "MAPE": 0.030118651688098907,
    "RMSE": 10.622978210449219
  },
  "per_horizon": {
    "step_6": {
      "MAE": 2.071122646331787,
      "MAPE": 0.026965707540512085,
      "RMSE": 7.567358016967773,
      "MAE_avg": 1.828418493270874,
      "MAPE_avg": 0.02419959381222725,
      "RMSE_avg": 6.212982654571533
    },
    "step_9": {
      "MAE": 2.2480862140655518,
      "MAPE": 0.029464343562722206,
      "RMSE": 9.41938591003418,
      "MAE_avg": 1.9509658813476562,
      "MAPE_avg": 0.0257088802754879,
      "RMSE_avg": 7.263120651245117
    },
    "step_12": {
      "MAE": 2.3471105098724365,
      "MAPE": 0.03083050064742565,
      "RMSE": 10.43381118774414,
      "MAE_avg": 2.042623519897461,
      "MAPE_avg": 0.026884686201810837,
      "RMSE_avg": 8.0695219039917
    },
    "step_24": {
      "MAE": 2.7209510803222656,
      "MAPE": 0.03559422865509987,
      "RMSE": 14.426976203918457,
      "MAE_avg": 2.2932517528533936,
      "MAPE_avg": 0.030118651688098907,
      "RMSE_avg": 10.622978210449219
    }
  }
}