{
  "best_epoch": 19,
  "num_params": 349185,
  "valid": {
    "MAE": 2.2692270278930664,
    "MAPE": 0.026042308658361435,
    "RMSE": 8.830610275268555
  },
  "test": {
    "MAE": 2.2835967540740967,
    "MAPE": 0.029185421764850616,
    "RMSE": 10.631946563720703
  },
  "per_horizon": {
    "step_6": {
      "MAE": 2.087923049926758,
      "MAPE": 0.02633410505950451,
      "RMSE": 7.889922142028809,
      "MAE_avg": 1.8446006774902344,
      "MAPE_avg": 0.02388499490916729,
      "RMSE_avg": 6.425101280212402
    },
    "step_9": {
      "MAE": 2.2479288578033447,
      "MAPE": 0.028413914144039154,
      "RMSE": 9.479818344116211,
      "MAE_avg": 1.9625805616378784,
      "MAPE_avg": 0.025172194465994835,
      "RMSE_avg": 7.42833948135376
    },
    "step_12": {
      "MAE": 2.3141918182373047,
      "MAPE": 0.029444271698594093,
      "RMSE": 10.454246520996094,
      "MAE_avg": 2.044851303100586,
      "MAPE_avg": 0.026163626462221146,
      "RMSE_avg": 8.190241813659668
    },
    "step_24": {
      "MAE": 2.6534392833709717,
      "MAPE": 0.033892638981342316,
      "RMSE": 14.287336349487305,
      "MAE_avg": 2.2835967540740967,
      "MAPE_avg": 0.029185421764850616,
      "RMSE_avg": 10.631946563720703
    }
  }
}