{
  "best_epoch": 22,
  "num_params": 356250,
  "valid": {
    "MAE": 2.2399051189422607,
    "MAPE": 0.025710996240377426,
    "RMSE": 8.756879806518555
  },
  "test": {
    "MAE": 2.2714571952819824,
    "MAPE": 0.029465913772583008,
    "RMSE": 10.463411331176758
  },
  "per_horizon": {
    "step_6": {
      "MAE": 2.0557897090911865,
      "MAPE": 0.026621723547577858,
      "RMSE": 7.522547245025635,
      "MAE_avg": 1.8162914514541626,
      "MAPE_avg": 0.02386932633817196,
      "RMSE_avg": 6.143337726593018
    },
    "step_9": {
      "MAE": 2.2048096656799316,
      "MAPE": 0.028480589389801025,
      "RMSE": 9.260862350463867,
      "MAE_avg": 1.9309418201446533,
      "MAPE_avg": 0.025209199637174606,
      "RMSE_avg": 7.1666178703308105
    },
    "step_12": {
      "MAE": 2.3090410232543945,
      "MAPE": 0.029914867132902145,
      "RMSE": 10.327921867370605,
      "MAE_avg": 2.018436908721924,
      "MAPE_avg": 0.02628549002110958,
      "RMSE_avg": 7.965338706970215
    },
    "step_24": {
      "MAE": 2.691607713699341,
      "MAPE": 0.03476637601852417,
      "RMSE": 14.155290603637695,
      "MAE_avg": 2.2714571952819824,
      "MAPE_avg": 0.029465913772583008,
      "RMSE_avg": 10.463411331176758
    }
  }
}