{
  "best_epoch": 16,
  "num_params": 342913,
  "valid": {
    "MAE": 2.235698938369751,
    "MAPE": 0.025845402851700783,
    "RMSE": 8.659454345703125
  },
  "test": {
    "MAE": 2.259207010269165,
    "MAPE": 0.02915995754301548,
    "RMSE": 10.794920921325684
  },
  "per_horizon": {
    "step_6": {
      "MAE": 2.040755271911621,
      "MAPE": 0.026063987985253334,
      "RMSE": 7.691732883453369,
      "MAE_avg": 1.8055144548416138,
      "MAPE_avg": 0.023559704422950745,
      "RMSE_avg": 6.3315653800964355
    },
    "step_9": {
      "MAE": 2.1779587268829346,
      "MAPE": 0.027914393693208694,
      "RMSE": 9.301329612731934,
      "MAE_avg": 1.9187164306640625,
      "MAPE_avg": 0.024854715913534164,
      "RMSE_avg": 7.308954238891602
    },
    "step_12": {
      "MAE": 2.2774837017059326,
      "MAPE": 0.029335327446460724,
      "RMSE": 10.505754470825195,
      "MAE_avg": 2.000725030899048,
      "MAPE_avg": 0.02586190029978752,
      "RMSE_avg": 8.099181175231934
    },
    "step_24": {
      "MAE": 2.6931915283203125,
      "MAPE": 0.03467996045947075,
      "RMSE": 14.503955841064453,
      "MAE_avg": 2.259207010269165,
      "MAPE_avg": 0.02915995754301548,
      "RMSE_avg": 10.794920921325684
    }
  }
}