{
  "best_epoch": 19,
  "num_params": 349185,
  "valid": {
    "MAE": 2.2620503902435303,
    "MAPE": 0.02599644847214222,
    "RMSE": 8.819061279296875
  },
  "test": {
    "MAE": 2.277587890625,
    "MAPE": 0.029173020273447037,
    "RMSE": 10.737369537353516
  },
  "per_horizon": {
    "step_6": {
      "MAE": 2.084840774536133,
      "MAPE": 0.026319945231080055,
      "RMSE": 7.9234161376953125,
      "MAE_avg": 1.8416695594787598,
      "MAPE_avg": 0.023861458525061607,
      "RMSE_avg": 6.435312271118164
    },
    "step_9": {
      "MAE": 2.223917007446289,
      "MAPE": 0.028215471655130386,
      "RMSE": 9.505924224853516,
      "MAE_avg": 1.9547739028930664,
      "MAPE_avg": 0.02510690689086914,
      "RMSE_avg": 7.451113700866699
    },
    "step_12": {
      "MAE": 2.2966418266296387,
      "MAPE": 0.02940799482166767,
      "RMSE": 10.507550239562988,
      "MAE_avg": 2.0338923931121826,
      "MAPE_avg": 0.026087317615747452,
      "RMSE_avg": 8.220071792602539
    },
    "step_24": {
      "MAE": 2.6701176166534424,
      "MAPE": 0.03416234999895096,
      "RMSE": 14.463916778564453,
      "MAE_avg": 2.277587890625,
      "MAPE_avg": 0.029173020273447037,
      "RMSE_avg": 10.737369537353516
    }
  }
}