{
  "best_epoch": 22,
  "num_params": 356250,
  "valid": {
    "MAE": 2.2405576705932617,
    "MAPE": 0.025716030970215797,
    "RMSE": 8.75925064086914
  },
  "test": {
    "MAE": 2.271331548690796,
    "MAPE": 0.029469138011336327,
    "RMSE": 10.460379600524902
  },
  "per_horizon": {
    "step_6": {
      "MAE": 2.055976390838623,
      "MAPE": 0.026626238599419594,
      "RMSE": 7.519323348999023,
      "MAE_avg": 1.8165720701217651,
      "MAPE_avg": 0.023873889818787575,
      "RMSE_avg": 6.141829967498779
    },
    "step_9": {
      "MAE": 2.204888343811035,
      "MAPE": 0.028484437614679337,
      "RMSE": 9.255775451660156,
      "MAE_avg": 1.9311994314193726,
      "MAPE_avg": 0.025215502828359604,
      "RMSE_avg": 7.16447114944458
    },
    "step_12": {
      "MAE": 2.3092539310455322,
      "MAPE": 0.029925890266895294,
      "RMSE": 10.325628280639648,
      "MAE_avg": 2.018709421157837,
      "MAPE_avg": 0.026293165981769562,
      "RMSE_avg": 7.963120460510254
    },
    "step_24": {
      "MAE": 2.6903774738311768,
      "MAPE": 0.034757889807224274,
      "RMSE": 14.151480674743652,
      "MAE_avg": 2.271331548690796,
      "MAPE_avg": 0.029469138011336327,
      "RMSE_avg": 10.460379600524902
    }
  }
}