{
  "best_epoch": 19,
  "num_params": 349185,
  "valid": {
    "MAE": 2.2660183906555176,
    "MAPE": 0.02602015808224678,
    "RMSE": 8.82130241394043
  },
  "test": {
    "MAE": 2.276364326477051,
    "MAPE": 0.02911444380879402,
    "RMSE": 10.643174171447754
  },
  "per_horizon": {
    "step_6": {
      "MAE": 2.0827600955963135,
      "MAPE": 0.026266559958457947,
      "RMSE": 7.915771007537842,
      "MAE_avg": 1.8427670001983643,
      "MAPE_avg": 0.023857999593019485,
      "RMSE_avg": 6.452741622924805
    },
    "step_9": {
      "MAE": 2.2383482456207275,
      "MAPE": 0.02830086648464203,
      "RMSE": 9.47967529296875,
      "MAE_avg": 1.95806884765625,
      "MAPE_avg": 0.025115596130490303,
      "RMSE_avg": 7.448933124542236
    },
    "step_12": {
      "MAE": 2.3015198707580566,
      "MAPE": 0.029316773638129234,
      "RMSE": 10.434175491333008,
      "MAE_avg": 2.0386056900024414,
      "MAPE_avg": 0.026092033833265305,
      "RMSE_avg": 8.200634002685547
    },
    "step_24": {
      "MAE": 2.655202627182007,
      "MAPE": 0.03395708650350571,
      "RMSE": 14.340794563293457,
      "MAE_avg": 2.276364326477051,
      "MAPE_avg": 0.02911444380879402,
      "RMSE_avg": 10.643174171447754
    }
  }
}