{
  "best_epoch": 20,
  "num_params": 349185,
  "valid": {
    "MAE": 2.2534356117248535,
    "MAPE": 0.02591000311076641,
    "RMSE": 8.79797077178955
  },
  "test": {
    "MAE": 2.2785301208496094,
    "MAPE": 0.02975664846599102,
    "RMSE": 10.532557487487793
  },
  "per_horizon": {
    "step_6": {
      "MAE": 2.0723142623901367,
      "MAPE": 0.026925524696707726,
      "RMSE": 7.606027603149414,
      "MAE_avg": 1.8263847827911377,
      "MAPE_avg": 0.024132665246725082,
      "RMSE_avg": 6.220067024230957
    },
    "step_9": {
      "MAE": 2.2320923805236816,
      "MAPE": 0.029004419222474098,
      "RMSE": 9.319242477416992,
      "MAE_avg": 1.9449710845947266,
      "MAPE_avg": 0.025525780394673347,
      "RMSE_avg": 7.238125324249268
    },
    "step_12": {
      "MAE": 2.3406612873077393,
      "MAPE": 0.030600612983107567,
      "RMSE": 10.459327697753906,
      "MAE_avg": 2.0356836318969727,
      "MAPE_avg": 0.026670308783650398,
      "RMSE_avg": 8.040133476257324
    },
    "step_24": {
      "MAE": 2.671072483062744,
      "MAPE": 0.03472607210278511,
      "RMSE": 14.161538124084473,
      "MAE_avg": 2.2785301208496094,
      "MAPE_avg": 0.02975664846599102,
      "RMSE_avg": 10.532557487487793
    }
  }
}