{
  "best_epoch": 19,
  "num_params": 349185,
  "valid": {
    "MAE": 2.2667970657348633,
    "MAPE": 0.025999249890446663,
    "RMSE": 8.819512367248535
  },
  "test": {
    "MAE": 2.28385066986084,
    "MAPE": 0.029213426634669304,
    "RMSE": 10.624576568603516
  },
  "per_horizon": {
    "step_6": {
      "MAE": 2.083089828491211,
      "MAPE": 0.026326611638069153,
      "RMSE": 7.824670314788818,
      "MAE_avg": 1.843446135520935,
      "MAPE_avg": 0.023885173723101616,
      "RMSE_avg": 6.3937668800354
    },
    "step_9": {
      "MAE": 2.2430543899536133,
      "MAPE": 0.028425464406609535,
      "RMSE": 9.457277297973633,
      "MAE_avg": 1.9601510763168335,
      "MAPE_avg": 0.025174427777528763,
      "RMSE_avg": 7.396765232086182
    },
    "step_12": {
      "MAE": 2.3132481575012207,
      "MAPE": 0.029499230906367302,
      "RMSE": 10.44804573059082,
      "MAE_avg": 2.042970895767212,
      "MAPE_avg": 0.02617899514734745,
      "RMSE_avg": 8.163610458374023
    },
    "step_24": {
      "MAE": 2.6573359966278076,
      "MAPE": 0.033928222954273224,
      "RMSE": 14.3106689453125,
      "MAE_avg": 2.28385066986084,
      "MAPE_avg": 0.029213426634669304,
      "RMSE_avg": 10.624576568603516
    }
  }
}