{
  "best_epoch": 22,
  "num_params": 343551,
  "valid": {
    "MAE": 2.2943270206451416,
    "MAPE": 0.02614210918545723,
    "RMSE": 9.807428359985352
  },
  "test": {
    "MAE": 2.4462108612060547,
    "MAPE": 0.032007068395614624,
    "RMSE": 11.66788101196289
  },
  "per_horizon": {
    "step_6": {
      "MAE": 2.2581698894500732,
      "MAPE": 0.02982136607170105,
      "RMSE": 8.842312812805176,
      "MAE_avg": 2.1157097816467285,
      "MAPE_avg": 0.027905896306037903,
      "RMSE_avg": 7.882075309753418
    },
    "step_9": {
      "MAE": 2.38303542137146,
      "MAPE": 0.03143469989299774,
      "RMSE": 10.34320068359375,
      "MAE_avg": 2.1905133724212646,
      "MAPE_avg": 0.028900155797600746,
      "RMSE_avg": 8.635903358459473
    },
    "step_12": {
      "MAE": 2.481773853302002,
      "MAPE": 0.032596979290246964,
      "RMSE": 11.354201316833496,
      "MAE_avg": 2.2568752765655518,
      "MAPE_avg": 0.029755139723420143,
      "RMSE_avg": 9.291921615600586
    },
    "step_24": {
      "MAE": 2.7829818725585938,
      "MAPE": 0.035832423716783524,
      "RMSE": 15.705062866210938,
      "MAE_avg": 2.4462108612060547,
      "MAPE_avg": 0.032007068395614624,
      "RMSE_avg": 11.66788101196289
    }
  }
}