{
  "best_epoch": 40,
  "num_params": 342913,
  "valid": {
    "MAE": 2.220346212387085,
    "MAPE": 0.025436045601963997,
    "RMSE": 8.79548454284668
  },
  "test": {
    "MAE": 2.2291507720947266,
    "MAPE": 0.02903382107615471,
    "RMSE": 10.830925941467285
  },
  "per_horizon": {
    "step_6": {
      "MAE": 2.028351306915283,
      "MAPE": 0.02629643864929676,
      "RMSE": 7.644944190979004,
      "MAE_avg": 1.778499722480774,
      "MAPE_avg": 0.023415442556142807,
      "RMSE_avg": 6.197388648986816
    },
    "step_9": {
      "MAE": 2.154982805252075,
      "MAPE": 0.027837859466671944,
      "RMSE": 9.472677230834961,
      "MAE_avg": 1.890845775604248,
      "MAPE_avg": 0.024731382727622986,
      "RMSE_avg": 7.268826961517334
    },
    "step_12": {
      "MAE": 2.2583577632904053,
      "MAPE": 0.02932704985141754,
      "RMSE": 10.660091400146484,
      "MAE_avg": 1.9746525287628174,
      "MAPE_avg": 0.025766387581825256,
      "RMSE_avg": 8.117958068847656
    },
    "step_24": {
      "MAE": 2.717355489730835,
      "MAPE": 0.035355132073163986,
      "RMSE": 14.902782440185547,
      "MAE_avg": 2.2291507720947266,
      "MAPE_avg": 0.02903382107615471,
      "RMSE_avg": 10.830925941467285
    }
  }
}