{
  "best_epoch": 15,
  "num_params": 349185,
  "valid": {
    "MAE": 2.2557623386383057,
    "MAPE": 0.025958584621548653,
    "RMSE": 8.784339904785156
  },
  "test": {
    "MAE": 2.2795023918151855,
    "MAPE": 0.029778188094496727,
    "RMSE": 10.547221183776855
  },
  "per_horizon": {
    "step_6": {
      "MAE": 2.0678155422210693,
      "MAPE": 0.02681916393339634,
      "RMSE": 7.567667484283447,
      "MAE_avg": 1.8205503225326538,
      "MAPE_avg": 0.02399413287639618,
      "RMSE_avg": 6.180927753448486
    },
    "step_9": {
      "MAE": 2.22704815864563,
      "MAPE": 0.028933832421898842,
      "RMSE": 9.290205955505371,
      "MAE_avg": 1.940036416053772,
      "MAPE_avg": 0.02542099729180336,
      "RMSE_avg": 7.205173969268799
    },
    "step_12": {
      "MAE": 2.3359522819519043,
      "MAPE": 0.030550919473171234,
      "RMSE": 10.439556121826172,
      "MAE_avg": 2.0310416221618652,
      "MAPE_avg": 0.026577670127153397,
      "RMSE_avg": 8.012755393981934
    },
    "step_24": {
      "MAE": 2.6644349098205566,
      "MAPE": 0.03465305641293526,
      "RMSE": 14.068414688110352,
      "MAE_avg": 2.2795023918151855,
      "MAPE_avg": 0.029778188094496727,
      "RMSE_avg": 10.547221183776855
    }
  }
}