{
  "best_epoch": 10,
  "num_params": 304513,
  "valid": {
    "MAE": 2.266444206237793,
    "MAPE": 0.026027008891105652,
    "RMSE": 8.881429672241211
  },
  "test": {
    "MAE": 2.2999320030212402,
    "MAPE": 0.029866287484765053,
    "RMSE": 10.748774528503418
  },
  "per_horizon": {
    "step_6": {
      "MAE": 2.0798277854919434,
      "MAPE": 0.026723861694335938,
      "RMSE": 7.661576747894287,
      "MAE_avg": 1.8243024349212646,
      "MAPE_avg": 0.02383308671414852,
      "RMSE_avg": 6.274967193603516
    },
    "step_9": {
      "MAE": 2.2282373905181885,
      "MAPE": 0.028848616406321526,
      "RMSE": 9.426852226257324,
      "MAE_avg": 1.9455397129058838,
      "MAPE_avg": 0.025303462520241737,
      "RMSE_avg": 7.3140106201171875
    },
    "step_12": {
      "MAE": 2.3467464447021484,
      "MAPE": 0.03038204088807106,
      "RMSE": 10.50385856628418,
      "MAE_avg": 2.036457061767578,
      "MAPE_avg": 0.02644605189561844,
      "RMSE_avg": 8.120709419250488
    },
    "step_24": {
      "MAE": 2.7510197162628174,
      "MAPE": 0.03583907708525658,
      "RMSE": 14.734748840332031,
      "MAE_avg": 2.2999320030212402,
      "MAPE_avg": 0.029866287484765053,
      "RMSE_avg": 10.748774528503418
    }
  }
}