{
  "best_epoch": 22,
  "num_params": 356250,
  "valid": {
    "MAE": 2.2397990226745605,
    "MAPE": 0.025701407343149185,
    "RMSE": 8.750061988830566
  },
  "test": {
    "MAE": 2.269834041595459,
    "MAPE": 0.02942182496190071,
    "RMSE": 10.449886322021484
  },
  "per_horizon": {
    "step_6": {
      "MAE": 2.0493834018707275,
      "MAPE": 0.02651495859026909,
      "RMSE": 7.529526233673096,
      "MAE_avg": 1.8131810426712036,
      "MAPE_avg": 0.02383045107126236,
      "RMSE_avg": 6.156809329986572
    },
    "step_9": {
      "MAE": 2.1971707344055176,
      "MAPE": 0.028351347893476486,
      "RMSE": 9.254228591918945,
      "MAE_avg": 1.9260302782058716,
      "MAPE_avg": 0.02513829432427883,
      "RMSE_avg": 7.175281524658203
    },
    "step_12": {
      "MAE": 2.303736686706543,
      "MAPE": 0.02981967106461525,
      "RMSE": 10.333941459655762,
      "MAE_avg": 2.0130813121795654,
      "MAPE_avg": 0.026202915236353874,
      "RMSE_avg": 7.9717841148376465
    },
    "step_24": {
      "MAE": 2.695328950881958,
      "MAPE": 0.034763313829898834,
      "RMSE": 14.079009056091309,
      "MAE_avg": 2.269834041595459,
      "MAPE_avg": 0.02942182496190071,
      "RMSE_avg": 10.449886322021484
    }
  }
}