{
  "best_epoch": 6,
  "num_params": 348161,
  "valid": {
    "MAE": 2.2936899662017822,
    "MAPE": 0.026165002956986427,
    "RMSE": 9.765915870666504
  },
  "test": {
    "MAE": 2.417494297027588,
    "MAPE": 0.03164846450090408,
    "RMSE": 11.51293659210205
  },
  "per_horizon": {
    "step_6": {
      "MAE": 2.2287230491638184,
      "MAPE": 0.029256483539938927,
      "RMSE": 8.64194393157959,
      "MAE_avg": 2.114511489868164,
      "MAPE_avg": 0.027808597311377525,
      "RMSE_avg": 7.781946659088135
    },
    "step_9": {
      "MAE": 2.3314478397369385,
      "MAPE": 0.030551673844456673,
      "RMSE": 10.082200050354004,
      "MAE_avg": 2.17529034614563,
      "MAPE_avg": 0.02856232039630413,
      "RMSE_avg": 8.47551441192627
    },
    "step_12": {
      "MAE": 2.416346549987793,
      "MAPE": 0.03167688846588135,
      "RMSE": 11.142693519592285,
      "MAE_avg": 2.2299087047576904,
      "MAPE_avg": 0.029258957132697105,
      "RMSE_avg": 9.111184120178223
    },
    "step_24": {
      "MAE": 2.754582643508911,
      "MAPE": 0.03569786995649338,
      "RMSE": 15.455464363098145,
      "MAE_avg": 2.417494297027588,
      "MAPE_avg": 0.03164846450090408,
      "RMSE_avg": 11.51293659210205
    }
  }
}