{
  "best_epoch": 18,
  "num_params": 336449,
  "valid": {
    "MAE": 2.2046234607696533,
    "MAPE": 0.025531429797410965,
    "RMSE": 8.71566390991211
  },
  "test": {
    "MAE": 2.2846994400024414,
    "MAPE": 0.029934948310256004,
    "RMSE": 10.901772499084473
  },
  "per_horizon": {
    "step_6": {
      "MAE": 2.0777299404144287,
      "MAPE": 0.026979729533195496,
      "RMSE": 7.756715774536133,
      "MAE_avg": 1.8231894969940186,
      "MAPE_avg": 0.02408134937286377,
      "RMSE_avg": 6.314995765686035
    },
    "step_9": {
      "MAE": 2.2033817768096924,
      "MAPE": 0.028807828202843666,
      "RMSE": 9.5291166305542,
      "MAE_avg": 1.935773491859436,
      "MAPE_avg": 0.02544373646378517,
      "RMSE_avg": 7.3606953620910645
    },
    "step_12": {
      "MAE": 2.2903010845184326,
      "MAPE": 0.029934093356132507,
      "RMSE": 10.5744047164917,
      "MAE_avg": 2.017275333404541,
      "MAPE_avg": 0.026473000645637512,
      "RMSE_avg": 8.168024063110352
    },
    "step_24": {
      "MAE": 2.7419049739837646,
      "MAPE": 0.03589961305260658,
      "RMSE": 14.87764835357666,
      "MAE_avg": 2.2846994400024414,
      "MAPE_avg": 0.029934948310256004,
      "RMSE_avg": 10.901772499084473
    }
  }
}